,FID,YR,MO,DATE,TIME,MAG,SLAT,SLON,ELAT,ELON,LEN,WID,Fatalities,Injuries,Property Loss
0,23025,2011,4,2011-04-09,14:35:00,0,36.2971,-82.3174,36.2934,-82.3021,0.89,50,0,0,4.0
1,23027,2011,4,2011-04-09,16:00:00,1,36.3,-82.4341,36.3,-82.4341,3.0,150,0,0,5.0
2,23028,2011,4,2011-04-09,16:08:00,1,36.3037,-82.3923,36.3099,-82.3846,0.61,100,0,0,4.0
3,23029,2011,4,2011-04-09,16:15:00,0,36.0424,-82.5568,36.0477,-82.5393,1.04,50,0,0,4.0
4,23044,2011,4,2011-04-27,19:07:00,0,36.2255,-83.057,36.2263,-83.0486,0.5,70,0,0,3.0
5,23045,2011,4,2011-04-27,19:29:00,2,36.29,-82.7,36.36,-82.57,8.8,150,0,0,6.0
6,23046,2011,4,2011-04-27,19:33:00,1,35.954,-83.286,35.97,-83.16,7.1,150,0,0,5.0
7,23049,2011,4,2011-04-27,20:32:00,0,35.8202,-83.1319,35.8446,-83.101,2.4,40,0,0,4.0
8,23050,2011,4,2011-04-27,20:37:00,1,35.8502,-83.0225,35.8578,-83.0029,1.2,150,0,0,4.0
9,23052,2011,4,2011-04-27,20:47:00,0,36.0106,-82.8706,36.028,-82.835,2.3,300,0,0,4.0
10,23053,2011,4,2011-04-27,20:51:00,3,36.035,-82.808,36.15,-82.573,15.8,1500,6,33,7.0
11,23055,2011,4,2011-04-27,21:45:00,2,36.39,-81.99,36.5,-81.82,12.0,250,2,0,6.0
12,23058,2011,4,2011-04-27,22:40:00,3,36.106,-82.702,36.205,-82.491,13.6,1000,2,70,7.0
13,23172,2009,5,2009-05-08,18:45:00,0,36.4,-82.48,36.4,-82.48,0.1,20,0,0,
14,23236,1955,3,1955-03-05,19:00:00,2,36.47,-82.87,36.5,-82.8,4.3,300,0,6,5.0
15,23241,1955,3,1955-03-25,16:30:00,1,35.95,-83.18,0.0,0.0,2.0,300,0,0,4.0
16,23253,1977,6,1977-06-24,16:30:00,1,36.17,-82.83,36.17,-82.77,3.8,100,0,0,4.0
17,23276,1957,4,1957-04-08,15:30:00,2,36.28,-82.58,36.32,-82.55,3.0,440,0,0,3.0
18,23287,1977,10,1977-10-01,14:35:00,1,36.58,-82.42,36.48,-82.15,16.2,77,0,10,6.0
19,23364,2002,5,2002-05-01,21:18:00,1,36.4,-82.12,36.4,-82.12,0.1,50,0,0,5.0
20,23407,1963,3,1963-03-11,21:00:00,2,36.0,-83.12,36.03,-83.02,6.2,200,1,1,5.0
21,23416,1997,6,1997-06-13,18:30:00,1,36.18,-82.63,36.18,-82.63,0.5,50,0,0,5.0
22,23441,1980,7,1980-07-06,13:00:00,2,36.58,-83.25,36.42,-83.22,11.5,300,0,0,5.0
23,23444,2004,5,2004-05-26,15:30:00,1,36.58,-82.7,36.58,-82.67,2.0,50,0,0,4.0
24,23611,1980,7,1980-07-10,12:30:00,3,36.2,-82.35,36.18,-82.32,1.9,100,0,12,5.0
25,23617,1973,12,1973-12-13,08:00:00,1,36.17,-82.83,0.0,0.0,0.5,440,0,1,4.0
26,23637,1967,3,1967-03-12,05:30:00,2,36.13,-82.92,36.25,-82.67,16.0,300,1,5,5.0
27,23671,1967,4,1967-04-22,07:05:00,2,36.2,-82.68,0.0,0.0,0.2,250,0,0,5.0
28,23698,1974,4,1974-04-03,21:00:00,0,35.92,-83.03,0.0,0.0,0.5,27,0,0,3.0
29,23706,1998,6,1998-06-03,18:15:00,1,36.48,-82.02,36.43,-81.97,9.5,80,0,3,5.0
30,23718,1974,4,1974-04-04,01:30:00,0,36.4,-83.03,0.0,0.0,0.5,27,0,0,3.0
31,23732,1974,4,1974-04-04,02:00:00,0,36.52,-82.5,36.62,-82.2,18.0,2500,0,2,5.0
32,23884,1975,3,1975-03-24,07:30:00,1,36.28,-82.75,0.0,0.0,0.5,100,0,0,4.0
33,23935,1989,6,1989-06-16,14:00:00,1,36.37,-82.25,0.0,0.0,1.0,30,0,0,4.0
34,23968,1994,8,1994-08-21,07:00:00,1,36.17,-82.83,0.0,0.0,1.0,23,0,0,0.0
35,23994,1976,2,1976-02-18,13:07:00,2,35.95,-83.22,0.0,0.0,1.0,33,0,10,6.0
36,24001,2011,4,2011-04-27,16:28:00,2,35.08,-84.95,35.2973,-84.511,27.95,250,4,0,6.0
37,24002,2011,4,2011-04-27,17:00:00,0,35.2899,-84.5504,35.3198,-84.5425,2.3,50,0,0,4.0
38,24003,2011,4,2011-04-27,17:07:00,0,35.348,-84.921,35.357,-84.914,0.75,110,0,0,4.0
39,24004,2011,4,2011-04-27,17:08:00,2,35.35,-84.4,35.44,-84.25,10.5,200,0,1,5.0
40,24005,2011,4,2011-04-27,17:10:00,1,35.44,-84.42,35.53,-84.25,11.4,200,0,0,4.0
41,24006,2011,4,2011-04-27,17:31:00,4,35.5324,-84.0504,35.6633,-83.846,14.45,1320,0,0,6.0
42,24007,2011,4,2011-04-27,17:35:00,0,35.47,-84.52,35.48,-84.52,0.7,20,0,0,3.0
43,24008,2011,4,2011-04-27,17:35:00,0,35.1802,-84.8675,35.1893,-84.8557,1.0,50,0,0,4.0
44,24009,2011,4,2011-04-27,18:00:00,0,35.66,-84.19,35.68,-84.18,1.0,50,0,0,4.0
45,24010,2011,4,2011-04-27,18:09:00,0,35.8,-84.06,35.86,-83.97,6.5,200,0,0,4.0
46,24012,2011,4,2011-04-27,18:46:00,0,36.0844,-83.3351,36.0987,-83.2787,3.3,50,0,0,4.0
47,24013,2011,4,2011-04-27,18:57:00,1,35.92,-83.97,35.93,-83.95,1.0,50,0,0,4.0
48,24014,2011,4,2011-04-27,19:06:00,0,35.8534,-83.7159,35.8531,-83.7129,0.5,50,0,0,3.0
49,24015,2011,4,2011-04-27,19:11:00,0,36.137,-83.4774,36.14,-83.472,0.3,50,0,0,4.0
50,24016,2011,4,2011-04-27,19:18:00,0,35.39,-84.35,35.4,-84.34,0.9,50,0,0,3.0
51,24017,2011,4,2011-04-27,19:20:00,1,35.44,-84.41,35.53,-84.25,11.0,200,0,0,4.0
52,24018,2011,4,2011-04-27,19:22:00,0,35.38,-84.34,35.4,-84.32,1.75,50,0,0,3.0
53,24019,2011,4,2011-04-27,19:24:00,0,36.054,-83.4889,36.0603,-83.4793,0.8,50,0,0,3.0
54,24020,2011,4,2011-04-27,19:25:00,1,35.45,-84.46,35.53,-84.26,12.5,200,0,1,5.0
55,24021,2011,4,2011-04-27,19:28:00,1,35.697,-84.879,35.713,-84.854,1.5,75,0,0,4.0
56,24022,2011,4,2011-04-27,19:31:00,0,35.9086,-83.3335,35.9217,-83.3219,1.1,200,0,0,4.0
57,24023,2011,4,2011-04-27,19:35:00,2,35.5094,-84.0673,35.663,-83.841,16.9,440,0,0,5.0
58,24024,2011,4,2011-04-27,19:43:00,0,35.63,-84.13,35.658,-84.0659,3.8,100,0,0,4.0
59,24025,2011,4,2011-04-27,20:06:00,4,35.34,-85.42,35.68,-84.87,40.16,880,4,12,7.0
60,24026,2011,4,2011-04-27,20:28:00,2,35.36,-85.39,35.3969,-85.3253,4.5,250,0,0,5.0
61,24027,2011,4,2011-04-27,20:28:00,0,35.87,-84.2,35.87,-84.19,1.0,50,0,0,4.0
62,24028,2011,4,2011-04-27,21:18:00,0,36.2108,-83.4218,36.2113,-83.4182,0.3,50,0,0,4.0
63,24042,2011,6,2011-06-22,16:40:00,0,35.77,-84.47,35.77,-84.4698,0.6,20,0,0,3.0
64,24043,2011,6,2011-06-23,23:00:00,1,36.02,-84.1626,36.02,-84.162,1.5,80,0,0,4.0
65,24044,2011,6,2011-06-23,23:20:00,0,35.97,-83.95,35.9682,-83.9483,1.0,100,0,0,4.0
66,24052,2012,2,2012-02-29,16:30:00,2,36.0887,-85.1102,36.1171,-85.0053,6.18,300,2,7,6.0
67,24053,2012,2,2012-02-29,18:30:00,0,35.6911,-84.1285,35.6879,-84.1165,0.75,100,0,0,4.0
68,24054,2012,3,2012-03-01,01:05:00,0,35.8273,-83.8022,35.8254,-83.7693,1.85,70,0,0,4.0
69,24056,2012,3,2012-03-02,11:41:00,3,35.128,-85.1608,35.3126,-84.4721,41.0,400,0,44,7.0
70,24057,2012,3,2012-03-02,12:47:00,2,35.3681,-84.3061,35.441,-84.0683,14.31,400,0,3,6.0
71,24070,2012,3,2012-03-02,16:52:00,0,35.5031,-84.942,35.5165,-84.8976,2.7,75,0,0,4.0
72,24072,2012,3,2012-03-02,17:31:00,1,36.2898,-85.4929,36.302,-85.4673,1.65,500,0,0,5.0
73,24073,2012,3,2012-03-02,17:33:00,2,36.302,-85.4673,36.3328,-85.3504,6.94,400,0,0,6.0
74,24074,2012,3,2012-03-02,17:56:00,0,36.3848,-85.1045,36.4055,-85.0126,6.42,300,0,0,
75,24077,2012,3,2012-03-02,19:26:00,2,36.5827,-83.6789,36.5947,-83.6356,2.6,250,0,4,5.0
76,24078,2012,3,2012-03-02,19:45:00,1,36.5815,-83.5322,36.5972,-83.4922,2.5,200,0,0,5.0
77,24080,2012,3,2012-03-02,20:33:00,0,35.9228,-84.1722,35.9253,-84.1678,0.3,70,0,0,3.0
78,24081,2012,3,2012-03-02,21:00:00,0,36.025,-83.7746,36.0335,-83.7383,2.1,100,0,0,4.0
79,24094,2013,6,2013-06-13,13:11:00,1,36.1311,-83.6315,36.1099,-83.6083,2.0,120,0,0,4.0
80,24095,2013,6,2013-06-13,13:55:00,1,35.7919,-83.3375,35.7914,-83.3358,0.5,150,0,0,4.0
81,24101,1997,3,1997-03-29,00:10:00,3,35.05,-85.32,35.05,-85.18,8.0,100,0,44,7.0
82,24102,1997,3,1997-03-29,00:30:00,3,35.15,-84.9,35.15,-84.9,4.0,100,0,50,6.0
83,24103,1997,3,1997-03-29,01:25:00,1,35.0,-84.48,35.0,-84.48,3.0,100,0,0,5.0
84,24114,1997,7,1997-07-04,15:50:00,0,36.1,-83.55,36.12,-83.48,1.0,50,0,0,4.0
85,24119,1998,4,1998-04-03,16:49:00,1,36.62,-85.27,36.62,-85.17,5.5,100,0,0,
86,24121,1998,4,1998-04-16,16:35:00,3,36.53,-85.18,36.62,-85.08,8.6,880,0,4,7.0
87,24125,1998,4,1998-04-16,22:20:00,1,35.17,-85.0,35.27,-84.77,11.5,50,1,0,6.0
88,24126,1998,5,1998-05-07,12:30:00,1,35.13,-84.88,35.13,-84.78,6.0,100,0,0,5.0
89,24127,1998,5,1998-05-07,13:00:00,1,35.03,-84.42,35.02,-84.15,14.0,100,0,0,5.0
90,24156,2000,4,2000-04-20,19:50:00,1,36.42,-84.43,36.42,-84.43,0.3,20,0,0,5.0
91,24157,2000,4,2000-04-20,20:35:00,0,36.53,-83.82,36.53,-83.82,0.1,20,0,0,
92,24158,2000,5,2000-05-23,15:05:00,1,36.03,-84.03,36.03,-84.03,0.5,40,0,1,
93,24174,2009,2,2009-02-11,14:03:00,1,36.1534,-85.083,36.1678,-85.0864,0.52,75,0,0,4.0
94,24179,2009,3,2009-03-28,19:53:00,0,35.35,-85.36,35.35,-85.36,1.0,30,0,0,4.0
95,24184,2009,4,2009-04-10,13:22:00,1,36.0631,-85.3268,36.0959,-85.2244,6.0,100,0,0,5.0
96,24187,2009,4,2009-04-10,14:02:00,2,35.3511,-85.38,35.3511,-85.38,5.0,175,0,0,5.0
97,24189,2009,4,2009-04-10,14:05:00,1,35.38,-85.3623,35.38,-85.3623,0.2,40,0,0,4.0
98,24192,2009,4,2009-04-10,14:23:00,1,35.38,-85.11,35.38,-85.11,0.5,30,0,0,4.0
99,24193,2001,6,2001-06-02,19:45:00,0,35.78,-84.02,35.78,-84.0,1.5,50,0,0,5.0
100,24195,2009,5,2009-05-03,16:22:00,1,35.909,-85.0806,35.9416,-85.0408,3.2,300,0,0,5.0
101,24199,2009,5,2009-05-08,15:02:00,0,35.36,-84.54,35.36,-84.54,0.1,20,0,0,
102,24200,2009,5,2009-05-08,15:15:00,1,36.4086,-84.9001,36.4005,-84.8546,2.59,50,0,0,5.0
103,24205,2009,5,2009-05-08,15:58:00,2,36.36,-84.42,36.36,-84.42,4.5,200,0,0,5.0
104,24208,2009,5,2009-05-08,16:40:00,0,36.3616,-83.7968,36.3699,-83.7872,0.78,20,0,0,
105,24212,2009,5,2009-05-08,17:15:00,2,36.46,-83.58,36.46,-83.58,2.2,100,0,0,
106,24213,2009,5,2009-05-08,17:36:00,0,36.36,-83.42,36.36,-83.42,3.5,100,0,0,
107,24215,2003,5,2003-05-15,15:10:00,1,35.9,-84.02,35.9,-84.02,2.5,50,0,0,5.0
108,24216,2003,5,2003-05-15,15:15:00,1,35.92,-83.93,35.92,-83.93,1.5,50,0,0,5.0
109,24217,2009,5,2009-05-08,17:40:00,1,36.4145,-83.3371,36.4456,-83.2874,3.5,100,0,0,4.0
110,24218,1977,8,1977-08-12,18:30:00,0,35.03,-85.27,0.0,0.0,0.1,17,0,0,4.0
111,24221,1977,9,1977-09-25,14:00:00,0,35.92,-84.98,35.97,-84.92,5.1,100,0,0,3.0
112,24242,2009,10,2009-10-09,17:15:00,0,35.6213,-84.57,35.6213,-84.57,0.5,20,0,0,3.0
113,24245,2009,10,2009-10-09,18:25:00,0,35.43,-84.4445,35.43,-84.4445,0.2,30,0,0,4.0
114,24250,1977,10,1977-10-01,15:45:00,0,36.28,-83.65,0.0,0.0,2.0,33,0,2,5.0
115,24252,1977,10,1977-10-01,16:30:00,0,36.42,-85.45,36.37,-85.33,7.2,440,0,1,5.0
116,24253,2010,4,2010-04-24,23:50:00,2,35.5689,-84.2829,35.62,-84.14,14.0,100,0,0,5.0
117,24255,1977,10,1977-10-01,19:15:00,1,36.3,-83.77,36.33,-83.7,4.3,440,0,0,5.0
118,24256,2010,4,2010-04-25,00:05:00,0,35.0638,-84.4753,35.0683,-84.454,1.24,30,0,0,4.0
119,24259,1977,10,1977-10-01,23:15:00,0,35.8,-84.52,0.0,0.0,0.2,100,0,0,4.0
120,24268,1977,12,1977-12-05,08:40:00,1,35.38,-84.7,35.33,-84.63,5.1,100,0,1,5.0
121,24270,2004,5,2004-05-31,01:30:00,1,35.0,-84.92,35.05,-84.82,7.5,60,0,0,5.0
122,24279,2010,10,2010-10-25,04:00:00,0,35.12,-85.15,35.12,-85.15,0.1,40,0,0,4.0
123,24289,2004,8,2004-08-02,16:00:00,0,35.17,-84.73,35.17,-84.73,0.3,30,0,0,4.0
124,24296,2010,10,2010-10-26,13:30:00,1,35.2945,-84.77,35.294,-84.7678,0.13,40,0,0,5.0
125,24299,2010,10,2010-10-26,13:55:00,1,35.67,-84.1522,35.6891,-84.1254,2.0,50,0,0,4.0
126,24303,2010,10,2010-10-26,16:25:00,0,35.0314,-85.4429,35.0329,-85.4361,0.4,20,0,0,4.0
127,24307,2010,10,2010-10-26,16:50:00,2,35.1216,-85.1925,35.1216,-85.1925,1.2,100,0,6,5.0
128,24315,2002,11,2002-11-10,17:35:00,0,36.33,-84.7,36.33,-84.68,1.5,25,0,0,4.0
129,24319,2002,11,2002-11-10,17:40:00,1,36.33,-84.63,36.35,-84.57,4.1,50,0,0,5.0
130,24320,1980,3,1980-03-07,17:30:00,1,35.67,-83.77,0.0,0.0,0.1,20,0,0,3.0
131,24322,2011,2,2011-02-28,13:25:00,1,35.13,-85.35,35.13,-85.35,2.2,90,0,0,6.0
132,24325,2002,11,2002-11-10,17:50:00,1,36.38,-84.45,36.4,-84.38,4.2,50,0,0,5.0
133,24326,2011,2,2011-02-28,13:30:00,1,35.179,-85.28,35.179,-85.28,2.6,150,0,0,6.0
134,24328,2011,3,2011-03-23,19:50:00,3,35.6596,-84.2322,35.6819,-84.1326,5.8,500,0,2,6.0
135,24329,2002,11,2002-11-10,19:08:00,1,35.9,-84.9,35.92,-84.83,3.4,400,0,0,
136,24340,2002,11,2002-11-10,19:31:00,3,36.03,-84.6,36.05,-84.45,8.3,300,7,28,6.0
137,24342,2006,4,2006-04-07,16:46:00,1,35.92,-85.08,35.95,-84.98,6.2,150,0,4,6.0
138,24343,2011,4,2011-04-04,16:36:00,0,35.46,-84.59,35.46,-84.59,0.1,25,0,0,4.0
139,24349,2002,11,2002-11-10,19:54:00,2,36.2,-84.2,36.2,-84.08,5.5,75,0,0,5.0
140,24353,2002,11,2002-11-10,20:10:00,2,35.75,-85.47,35.75,-85.42,2.9,100,0,0,5.0
141,24356,2002,11,2002-11-10,20:30:00,1,35.73,-85.27,35.75,-85.2,6.2,100,0,0,5.0
142,24360,2002,11,2002-11-10,20:46:00,0,35.8,-85.02,35.8,-85.02,0.1,20,0,0,
143,24362,1980,4,1980-04-08,16:31:00,1,35.12,-84.78,35.17,-84.72,5.2,50,0,0,4.0
144,24363,2002,11,2002-11-10,21:43:00,3,35.9,-85.1,35.9,-84.9,12.2,900,4,18,5.0
145,24369,1980,4,1980-04-28,17:05:00,2,35.25,-84.33,35.27,-84.28,3.3,50,0,1,5.0
146,24373,2003,3,2003-03-19,14:08:00,0,36.4,-84.92,36.4,-84.92,0.1,20,0,0,
147,24379,1980,6,1980-06-24,15:20:00,0,35.0,-85.2,0.0,0.0,0.1,10,0,0,4.0
148,24388,2011,4,2011-04-27,05:49:00,0,36.2623,-85.4019,36.2772,-85.372,1.96,50,0,0,4.0
149,24395,2011,4,2011-04-27,06:45:00,2,35.2975,-84.96,35.316,-84.921,2.0,150,0,1,5.0
150,24398,2011,4,2011-04-27,06:47:00,0,36.0009,-85.1133,36.067,-85.0553,5.6,100,0,0,4.0
151,24401,1981,5,1981-05-27,18:40:00,0,36.03,-84.17,0.0,0.0,0.4,50,0,0,4.0
152,24407,1993,2,1993-02-21,15:35:00,3,36.02,-84.25,36.1,-83.97,16.0,150,0,3,6.0
153,24410,1993,2,1993-02-21,16:05:00,3,35.83,-84.42,35.75,-84.0,30.0,100,1,55,4.0
154,24413,2007,4,2007-04-03,20:15:00,1,36.48,-83.66,36.38,-83.57,12.0,150,0,7,6.0
155,24417,2007,4,2007-04-03,20:16:00,1,35.84,-85.22,35.85,-85.14,4.83,100,0,0,5.0
156,24420,1952,2,1952-02-29,17:30:00,2,35.3,-84.67,35.45,-84.47,15.3,587,0,0,5.0
157,24423,2007,4,2007-04-26,14:50:00,0,36.01,-85.21,36.08,-85.1,7.94,50,0,0,4.0
158,24425,1993,2,1993-02-21,16:20:00,1,35.78,-84.57,35.75,-84.52,3.0,23,0,0,5.0
159,24429,1953,5,1953-05-02,02:15:00,2,36.03,-84.07,0.0,0.0,0.8,100,0,0,3.0
160,24430,1993,2,1993-02-21,16:45:00,3,35.43,-84.5,35.27,-84.18,19.0,73,0,17,5.0
161,24434,1953,5,1953-05-02,03:00:00,4,35.52,-84.78,35.53,-84.72,4.2,33,4,8,5.0
162,24435,1993,5,1993-05-12,12:30:00,0,36.4,-84.82,0.0,0.0,0.8,23,0,0,3.0
163,24442,2007,4,2007-04-26,17:52:00,1,36.46,-83.59,36.43,-83.6,4.6,75,0,7,5.0
164,24447,1964,8,1964-08-12,03:30:00,2,35.37,-85.4,0.0,0.0,0.8,33,0,6,4.0
165,24456,1965,3,1965-03-17,11:00:00,1,36.1,-84.6,0.0,0.0,0.1,10,0,0,3.0
166,24459,1985,11,1985-11-27,14:00:00,1,36.13,-83.28,0.0,0.0,2.0,40,0,0,4.0
167,24465,1965,3,1965-03-17,11:47:00,1,35.63,-84.25,0.0,0.0,0.1,10,0,0,3.0
168,24466,1986,2,1986-02-06,15:18:00,3,35.23,-84.82,35.28,-84.6,10.0,270,0,5,6.0
169,24481,1973,11,1973-11-26,17:45:00,1,36.43,-85.33,0.0,0.0,2.0,10,0,0,4.0
170,24487,1973,12,1973-12-13,07:50:00,2,35.18,-84.65,0.0,0.0,0.8,880,0,3,5.0
171,24502,1974,3,1974-03-21,00:40:00,2,35.0,-84.75,0.0,0.0,0.8,300,0,7,5.0
172,24511,1965,4,1965-04-15,13:50:00,2,36.35,-84.92,36.42,-84.85,5.9,327,0,0,4.0
173,24513,1965,4,1965-04-15,16:13:00,3,35.87,-85.08,35.87,-84.97,6.5,200,1,0,5.0
174,24517,1983,6,1983-06-04,00:00:00,1,35.7,-85.27,35.72,-85.38,4.0,73,0,0,5.0
175,24518,1965,4,1965-04-15,16:25:00,3,35.18,-84.87,35.3,-84.75,10.4,600,0,50,6.0
176,24520,1993,6,1993-06-30,18:00:00,0,36.08,-83.93,0.0,0.0,2.0,10,0,1,3.0
177,24521,2011,4,2011-04-27,06:55:00,2,35.02,-85.37,35.05,-85.35,2.3,500,0,0,6.0
178,24523,1965,4,1965-04-15,17:30:00,2,35.87,-84.08,35.95,-84.0,7.4,200,0,6,6.0
179,24524,1993,6,1993-06-30,18:42:00,0,35.98,-83.98,0.0,0.0,1.0,10,0,0,2.0
180,24526,1983,6,1983-06-04,01:15:00,1,35.55,-85.05,35.77,-84.78,20.0,50,0,0,5.0
181,24527,2011,4,2011-04-27,06:55:00,1,34.99,-85.333,34.999,-85.328,0.7,80,0,0,5.0
182,24528,1955,3,1955-03-25,17:30:00,2,36.02,-84.42,36.2,-84.23,16.3,1760,0,0,3.0
183,24532,2011,4,2011-04-27,06:56:00,1,35.11,-85.29,35.13,-85.25,2.5,250,0,0,5.0
184,24538,1955,4,1955-04-24,03:30:00,1,35.77,-85.22,35.82,-85.13,5.7,300,0,0,5.0
185,24540,2011,4,2011-04-27,07:03:00,0,35.11,-85.15,35.13,-85.15,0.5,100,0,0,4.0
186,24546,2011,4,2011-04-27,07:04:00,1,34.987,-85.271,35.004,-85.237,2.2,200,0,0,4.0
187,24551,2011,4,2011-04-27,07:37:00,1,35.352,-84.996,35.358,-84.988,0.6,100,0,0,4.0
188,24552,1955,5,1955-05-12,16:30:00,1,36.22,-85.5,36.3,-85.37,9.4,300,0,1,4.0
189,24557,1986,5,1986-05-26,12:00:00,0,36.62,-85.2,0.0,0.0,0.8,23,0,0,4.0
190,24563,2011,4,2011-04-27,13:02:00,1,35.04,-85.07,35.197,-84.859,17.0,120,1,0,5.0
191,24564,1956,2,1956-02-17,22:00:00,1,36.4,-84.9,0.0,0.0,0.1,10,0,2,4.0
192,24566,1974,4,1974-04-03,13:05:00,3,35.1,-84.92,35.25,-84.67,18.1,350,1,100,5.0
193,24569,1994,4,1994-04-15,10:30:00,3,35.32,-85.0,35.43,-84.48,15.0,880,1,9,6.0
194,24572,2011,4,2011-04-27,13:15:00,0,35.21,-84.9,35.23,-84.88,1.78,50,0,0,4.0
195,24578,1994,4,1994-04-27,12:15:00,0,35.45,-84.6,0.0,0.0,0.1,10,0,0,2.0
196,24579,2011,4,2011-04-27,13:26:00,1,35.3952,-85.3665,35.44,-85.3,4.9,80,0,0,5.0
197,24584,2011,4,2011-04-27,13:36:00,0,35.17,-84.8977,35.2251,-84.8804,2.0,150,0,0,4.0
198,24587,1974,4,1974-04-03,14:00:00,2,35.78,-83.92,0.0,0.0,0.5,50,0,2,5.0
199,24590,2011,4,2011-04-27,14:04:00,0,35.54,-84.28,35.55,-84.24,2.3,100,0,0,4.0
200,24592,1966,5,1966-05-13,15:00:00,1,35.93,-85.47,0.0,0.0,0.1,10,0,0,4.0
201,24594,1994,5,1994-05-14,17:00:00,0,35.6,-85.33,0.0,0.0,0.2,23,0,0,3.0
202,24595,1956,2,1956-02-27,17:30:00,1,36.32,-84.92,0.0,0.0,0.1,10,0,0,3.0
203,24598,2011,4,2011-04-27,14:49:00,1,35.54,-84.3,35.55,-84.24,3.4,100,0,0,4.0
204,24601,1956,3,1956-03-07,08:30:00,2,36.38,-85.38,36.43,-85.33,4.3,50,0,0,4.0
205,24603,2011,4,2011-04-27,16:03:00,1,35.0129,-85.2144,35.0667,-85.2276,3.8,125,0,0,5.0
206,24610,2011,4,2011-04-27,16:12:00,0,35.0986,-85.0788,35.0993,-85.0783,0.1,70,0,0,4.0
207,24611,1974,4,1974-04-03,14:30:00,1,35.33,-84.57,35.33,-84.5,3.6,27,1,32,3.0
208,24612,1994,6,1994-06-26,19:15:00,2,35.33,-85.32,0.0,0.0,2.0,100,0,0,5.0
209,24616,1995,4,1995-04-21,00:20:00,0,35.07,-85.32,0.0,0.0,0.1,30,0,0,5.0
210,24617,2011,4,2011-04-27,16:13:00,1,35.04,-85.1,35.11,-85.05,4.0,90,0,0,4.0
211,24621,1995,4,1995-04-21,00:25:00,2,35.15,-85.28,35.05,-85.28,5.0,330,0,0,5.0
212,24624,2011,4,2011-04-27,16:14:00,1,35.0681,-85.0964,35.0789,-85.0337,3.6,200,0,0,5.0
213,24625,1956,7,1956-07-13,14:00:00,1,36.15,-85.27,0.0,0.0,0.2,10,0,0,3.0
214,24628,1995,4,1995-04-21,00:30:00,1,35.05,-85.28,0.0,0.0,1.0,300,0,0,5.0
215,24637,1995,5,1995-05-10,21:25:00,1,35.42,-84.62,0.0,0.0,3.0,200,0,0,0.0
216,24642,1974,4,1974-04-03,14:50:00,1,35.25,-85.02,35.3,-84.93,5.9,27,0,2,4.0
217,24659,1989,11,1989-11-15,18:45:00,1,35.12,-84.93,35.15,-84.85,3.0,30,0,0,4.0
218,24670,1995,5,1995-05-18,17:21:00,3,35.8,-85.2,35.95,-85.03,9.0,100,0,20,6.0
219,24674,1995,5,1995-05-18,17:50:00,0,36.03,-84.42,0.0,0.0,0.5,23,0,0,0.0
220,24678,1995,5,1995-05-18,18:45:00,0,35.67,-85.37,0.0,0.0,0.1,10,0,0,3.0
221,24685,1995,5,1995-05-18,19:30:00,1,35.97,-84.98,0.0,0.0,2.0,23,0,0,4.0
222,24687,1995,5,1995-05-18,20:00:00,1,35.97,-83.93,0.0,0.0,2.0,23,0,0,4.0
223,24691,1995,5,1995-05-18,21:00:00,0,35.77,-84.2,0.0,0.0,1.0,20,0,0,4.0
224,24702,1974,4,1974-04-03,16:00:00,2,35.67,-84.17,35.67,-84.15,0.1,100,0,2,5.0
225,24706,1957,4,1957-04-08,06:00:00,2,36.1,-85.1,36.1,-85.05,2.7,10,0,0,3.0
226,24708,1974,4,1974-04-03,16:00:00,2,35.52,-84.35,0.0,0.0,1.0,200,0,0,5.0
227,24711,1996,3,1996-03-16,16:05:00,2,36.38,-85.33,36.4,-85.22,6.0,400,0,1,7.0
228,24714,1996,3,1996-03-16,16:30:00,0,36.47,-84.87,36.38,-84.88,7.0,100,0,0,5.0
229,24719,1996,3,1996-03-16,17:15:00,0,36.5,-84.52,36.5,-84.52,1.0,100,0,1,5.0
230,24743,1990,10,1990-10-04,07:15:00,1,35.05,-85.28,0.0,0.0,1.8,23,0,0,5.0
231,24750,1974,4,1974-04-03,16:15:00,3,35.18,-84.87,35.32,-84.55,21.2,500,3,50,5.0
232,24756,1996,5,1996-05-27,17:28:00,0,35.17,-84.88,35.15,-84.82,3.5,30,0,0,
233,24765,1957,11,1957-11-18,16:30:00,2,36.27,-84.87,36.42,-84.7,13.9,220,0,2,4.0
234,24769,1972,5,1972-05-14,20:30:00,2,36.37,-84.8,0.0,0.0,1.0,50,0,3,4.0
235,24774,1972,6,1972-06-28,13:00:00,2,36.0,-85.03,0.0,0.0,0.1,40,0,0,4.0
236,24776,1972,6,1972-06-28,17:40:00,1,35.75,-83.92,0.0,0.0,0.5,27,0,3,5.0
237,24785,1983,8,1983-08-22,21:25:00,0,35.47,-85.32,0.0,0.0,0.3,10,0,0,1.0
238,24787,1973,5,1973-05-10,13:15:00,1,36.2,-85.3,0.0,0.0,0.1,10,0,0,4.0
239,24791,1973,5,1973-05-10,21:30:00,1,36.35,-83.52,0.0,0.0,0.1,10,0,0,3.0
240,24796,1973,5,1973-05-23,16:00:00,1,35.92,-85.08,0.0,0.0,1.0,100,0,0,4.0
241,24797,1984,5,1984-05-07,15:05:00,1,36.18,-85.32,0.0,0.0,1.0,50,0,0,4.0
242,24801,1984,5,1984-05-07,15:30:00,1,36.18,-85.02,0.0,0.0,0.5,30,0,0,4.0
243,24804,1984,5,1984-05-07,17:20:00,2,35.73,-84.35,0.0,0.0,1.0,70,0,0,5.0
244,24839,1974,4,1974-04-03,18:15:00,2,36.52,-84.87,36.8,-84.52,27.4,400,0,11,4.0
245,24850,1974,4,1974-04-03,18:30:00,1,36.38,-85.33,36.42,-85.27,4.3,200,0,0,4.0
246,24862,2008,5,2008-05-18,18:25:00,0,35.13,-84.6,0.0,0.0,2.1,25,0,0,
247,24866,1974,4,1974-04-03,19:15:00,4,36.03,-85.57,36.25,-85.13,28.4,700,10,51,6.0
248,24873,1974,4,1974-04-03,19:30:00,4,36.52,-85.08,36.63,-84.88,11.0,300,5,6,6.0
249,24877,1974,4,1974-04-03,19:50:00,4,36.25,-85.08,36.43,-84.83,18.8,200,7,150,6.0
250,24894,1974,4,1974-04-03,22:30:00,3,36.35,-85.38,36.43,-85.25,9.4,400,3,120,6.0
251,24897,1974,4,1974-04-03,22:45:00,1,36.03,-85.4,36.05,-85.35,3.0,100,0,0,3.0
252,24900,1974,4,1974-04-03,22:50:00,3,36.25,-84.67,36.37,-84.5,12.2,350,0,11,4.0
253,24903,1974,4,1974-04-03,22:50:00,3,36.48,-84.6,36.58,-84.4,13.0,400,0,21,5.0
254,24906,1974,4,1974-04-03,23:30:00,2,35.93,-85.33,36.02,-85.07,16.2,300,0,28,4.0
255,24908,1974,4,1974-04-03,23:30:00,1,36.1,-83.77,0.0,0.0,1.0,150,2,21,4.0
256,24911,1974,4,1974-04-04,00:30:00,0,36.2,-84.07,36.23,-83.92,8.7,200,0,0,3.0
257,24913,1974,4,1974-04-04,01:00:00,0,36.13,-83.62,36.13,-83.53,4.5,27,0,0,4.0
258,24918,1974,4,1974-04-08,11:15:00,3,35.43,-84.62,0.0,0.0,2.0,440,0,1,5.0
259,24925,1975,3,1975-03-07,12:20:00,1,35.55,-84.28,35.53,-84.12,9.4,320,0,3,4.0
260,24929,1975,3,1975-03-07,12:40:00,1,35.6,-83.83,0.0,0.0,0.5,200,0,0,4.0
261,24935,1975,4,1975-04-24,15:30:00,2,36.05,-85.2,0.0,0.0,1.5,440,1,4,5.0
262,24945,1993,2,1993-02-21,14:35:00,0,35.95,-84.97,35.9,-84.88,5.0,23,0,0,5.0
263,24950,1963,3,1963-03-19,18:15:00,2,35.18,-84.9,35.2,-84.85,3.3,150,0,3,5.0
264,24951,1963,3,1963-03-19,18:30:00,2,35.45,-84.65,35.48,-84.6,3.6,200,0,1,4.0
265,24983,1976,5,1976-05-28,18:00:00,0,35.4,-85.2,0.0,0.0,1.0,440,0,0,4.0
266,24991,1997,3,1997-03-28,21:55:00,2,36.37,-85.33,36.4,-85.22,5.9,440,0,2,5.0
267,25001,2008,4,2008-04-11,13:20:00,1,35.82,-85.53,35.82,-85.5,1.75,800,0,0,4.0
268,25010,2011,4,2011-04-27,05:47:00,1,36.4561,-85.707,36.4837,-85.6576,3.34,100,0,0,4.0
269,25013,2011,4,2011-04-27,05:50:00,1,35.5676,-85.8777,35.6708,-85.6805,13.17,100,0,0,5.0
270,25015,2011,4,2011-04-27,13:26:00,1,34.9845,-85.6,35.005,-85.57,2.2,80,0,0,4.0
271,25018,2011,4,2011-04-27,17:00:00,0,35.3495,-85.6526,35.3602,-85.6367,1.16,50,0,0,4.0
272,25024,2009,3,2009-03-28,18:00:00,1,35.8514,-86.4023,35.8617,-86.3903,1.0,50,0,0,6.0
273,25025,2009,3,2009-03-28,18:01:00,1,35.0786,-86.3008,35.0883,-86.2779,1.46,60,0,0,4.0
274,25027,2009,4,2009-04-02,15:00:00,1,36.1126,-86.7099,36.1462,-86.702,2.0,100,0,1,5.0
275,25030,2009,4,2009-04-10,11:19:00,4,35.7579,-86.848,35.9145,-86.2789,23.25,750,2,58,8.0
276,25032,2009,4,2009-04-10,11:49:00,1,36.493,-86.5861,36.4944,-86.5675,0.6,50,0,0,5.0
277,25034,2011,5,2011-05-26,00:00:00,0,35.9615,-85.8237,35.9608,-85.7892,1.93,50,0,0,5.0
278,25035,2009,4,2009-04-10,11:58:00,0,35.745,-86.3793,35.745,-86.3793,0.2,25,0,0,3.0
279,25036,2009,4,2009-04-10,12:01:00,1,35.7653,-86.3415,35.7826,-86.2783,3.7,100,0,0,5.0
280,25039,2009,4,2009-04-10,12:19:00,0,35.8304,-86.144,35.833,-86.1269,0.8,75,0,0,4.0
281,25041,2009,4,2009-04-10,13:18:00,0,35.4177,-86.0075,35.4202,-86.0043,0.25,25,0,0,
282,25043,2009,4,2009-04-13,19:45:00,0,35.5153,-86.0838,35.5171,-86.0733,0.5,30,0,0,4.0
283,25049,1971,5,1971-05-24,20:55:00,0,36.3,-86.62,0.0,0.0,0.2,10,0,3,5.0
284,25053,2009,7,2009-07-28,16:32:00,1,35.6931,-85.6349,35.6956,-85.6242,0.62,100,0,0,5.0
285,25054,2009,7,2009-07-30,22:00:00,1,36.5263,-86.3043,36.5713,-86.3038,3.0,100,0,0,5.0
286,25056,1971,6,1971-06-19,19:10:00,0,36.55,-86.42,0.0,0.0,0.2,10,0,0,0.0
287,25062,2009,9,2009-09-07,17:58:00,0,35.6936,-85.8366,35.6771,-85.8063,2.04,50,0,0,4.0
288,25072,2009,10,2009-10-09,13:12:00,1,36.3725,-86.7983,36.375,-86.7657,1.82,100,0,1,5.0
289,25075,2009,10,2009-10-09,14:57:00,1,35.1397,-86.5762,35.1446,-86.5199,3.2,200,0,0,4.0
290,25077,2009,10,2009-10-09,16:48:00,0,35.08,-85.5593,35.08,-85.5593,2.0,30,0,0,4.0
291,25078,2012,1,2012-01-17,13:27:00,0,36.0371,-86.4742,36.0432,-86.444,1.69,125,0,0,5.0
292,25079,2009,10,2009-10-09,16:55:00,0,35.0412,-85.5157,35.0412,-85.5157,0.1,20,0,0,4.0
293,25080,2010,1,2010-01-21,16:58:00,0,35.2017,-85.8919,35.23,-85.83,2.46,300,0,0,
294,25083,2010,1,2010-01-21,17:48:00,0,35.11,-85.69,35.11,-85.69,0.2,30,0,0,
295,25087,2010,4,2010-04-24,18:42:00,0,36.534,-86.19,36.554,-86.179,1.51,50,0,0,4.0
296,25089,2010,5,2010-05-02,05:07:00,1,36.2867,-86.7464,36.3068,-86.686,3.64,300,0,0,5.0
297,25093,2012,2,2012-02-29,15:46:00,1,35.9724,-85.8529,36.017,-85.5933,14.84,200,1,0,6.0
298,25094,2010,5,2010-05-02,05:17:00,1,36.3308,-86.6444,36.3858,-86.5846,5.05,400,0,0,5.0
299,25097,2012,2,2012-02-29,16:02:00,0,36.0213,-85.5298,36.0277,-85.492,2.16,50,0,0,4.0
300,25101,2012,3,2012-03-02,11:15:00,1,35.05,-85.5416,35.0491,-85.5332,0.5,100,0,0,3.0
301,25106,2010,7,2010-07-26,18:05:00,1,36.2534,-86.7778,36.2554,-86.7711,0.5,50,0,0,5.0
302,25109,2010,10,2010-10-24,23:40:00,1,35.286,-86.3304,35.2975,-86.3155,1.15,200,0,0,5.0
303,25113,2012,3,2012-03-02,14:45:00,0,35.2116,-86.7422,35.2117,-86.7312,0.62,50,0,0,
304,25118,2011,2,2011-02-24,22:02:00,2,36.0871,-86.6163,36.1206,-86.4884,7.51,100,0,0,6.0
305,25119,2012,3,2012-03-02,17:10:00,1,35.0475,-85.5362,35.0471,-85.533,0.2,100,0,0,3.0
306,25120,2011,2,2011-02-24,22:14:00,2,36.1188,-86.4179,36.1838,-86.3,8.0,150,0,2,5.0
307,25121,1973,3,1973-03-15,02:00:00,2,35.92,-85.5,0.0,0.0,0.1,100,1,3,5.0
308,25122,2012,3,2012-03-02,17:26:00,2,36.2898,-85.4929,36.2695,-85.5537,3.7,880,0,20,6.0
309,25126,2011,2,2011-02-28,12:18:00,2,35.3094,-86.105,35.27,-86.33,16.1,600,1,4,4.0
310,25128,1973,4,1973-04-25,15:25:00,1,36.17,-86.17,0.0,0.0,0.1,10,0,0,4.0
311,25131,2011,2,2011-02-28,13:00:00,0,35.0003,-85.7147,35.0007,-85.7141,0.01,20,0,0,4.0
312,25132,2012,9,2012-09-17,15:02:00,0,35.4472,-86.3374,35.4539,-86.3294,0.65,100,0,0,4.0
313,25133,2011,3,2011-03-23,17:54:00,2,35.96,-85.639,35.913,-85.49,9.0,100,0,0,5.0
314,25134,2012,10,2012-10-01,12:25:00,0,35.49,-86.49,35.5067,-86.4725,1.51,50,0,0,4.0
315,25135,2012,10,2012-10-01,16:07:00,0,36.007,-86.1394,36.0342,-86.1291,1.96,100,0,0,4.0
316,25136,2011,3,2011-03-23,18:03:00,0,35.7189,-86.4354,35.7295,-86.4473,1.0,50,0,0,4.0
317,25137,2012,10,2012-10-01,16:31:00,1,36.1738,-86.087,36.1935,-86.0769,1.47,150,0,0,4.0
318,25139,2011,3,2011-03-24,17:19:00,1,36.099,-86.093,36.065,-86.001,5.65,100,0,0,5.0
319,25140,2013,1,2013-01-13,15:36:00,0,35.7164,-86.6692,35.7199,-86.6412,1.59,100,0,0,4.0
320,25147,2013,1,2013-01-30,03:05:00,1,36.4798,-86.8111,36.495,-86.7093,5.75,150,0,0,5.0
321,25148,1973,5,1973-05-10,12:45:00,1,36.25,-86.67,0.0,0.0,0.1,10,0,0,3.0
322,25149,2011,4,2011-04-04,13:20:00,1,35.9774,-86.657,35.9804,-86.5695,4.9,100,0,0,5.0
323,25150,2013,1,2013-01-30,03:10:00,0,36.3561,-86.7671,36.4136,-86.5709,11.65,75,0,0,5.0
324,25153,2013,1,2013-01-30,03:12:00,0,36.2115,-86.7689,36.215,-86.7117,3.2,75,0,1,5.0
325,25155,2013,1,2013-01-30,03:12:00,1,36.5122,-86.7177,36.5366,-86.6146,5.98,100,0,1,6.0
326,25158,1973,5,1973-05-11,08:30:00,1,36.5,-86.0,0.0,0.0,0.1,10,0,0,0.0
327,25160,2013,1,2013-01-30,03:18:00,0,35.926,-86.863,35.932,-86.828,2.0,75,0,0,5.0
328,25161,2013,1,2013-01-30,03:23:00,0,36.3336,-86.5463,36.3776,-86.3636,10.61,125,0,0,5.0
329,25164,2013,1,2013-01-30,03:25:00,2,36.2208,-86.5461,36.248,-86.4722,4.53,150,0,0,6.0
330,25165,1973,5,1973-05-19,13:40:00,1,36.32,-86.57,0.0,0.0,0.1,10,0,0,0.0
331,25167,2013,1,2013-01-30,03:34:00,0,36.3974,-86.3425,36.4144,-86.2808,3.63,100,0,0,5.0
332,25169,2013,1,2013-01-30,03:37:00,0,36.4594,-86.3364,36.4666,-86.2316,5.84,50,0,0,4.0
333,25172,1973,5,1973-05-19,14:15:00,1,35.25,-86.52,35.22,-86.47,3.6,10,0,0,4.0
334,25175,2013,1,2013-01-30,03:40:00,1,36.282,-86.33,36.3421,-86.1669,10.03,150,0,0,6.0
335,25176,2013,1,2013-01-30,03:41:00,1,35.739,-86.703,35.759,-86.625,4.59,150,0,0,6.0
336,25181,2013,1,2013-01-30,03:47:00,0,36.4876,-86.1527,36.4978,-86.1406,0.97,50,0,0,5.0
337,25183,2013,1,2013-01-30,04:01:00,0,36.5488,-85.9216,36.5557,-85.8954,1.53,75,0,0,5.0
338,25184,2013,1,2013-01-30,04:29:00,0,35.8431,-86.0758,35.8667,-85.9607,6.65,200,0,0,5.0
339,25185,2013,1,2013-01-30,04:46:00,1,35.0987,-86.7846,35.1287,-86.6986,5.28,250,0,0,
340,25186,2013,1,2013-01-30,05:26:00,0,35.4868,-86.0789,35.5036,-86.0003,4.57,75,0,0,4.0
341,25187,2013,3,2013-03-18,10:47:00,0,35.5844,-86.6593,35.6046,-86.5946,3.89,50,0,0,4.0
342,25189,2013,3,2013-03-18,11:12:00,0,35.7059,-86.3512,35.7264,-86.2891,3.8,100,0,0,4.0
343,25190,2013,4,2013-04-19,01:03:00,1,35.2169,-86.4448,35.2279,-86.3916,3.1,400,0,0,
344,25191,2013,4,2013-04-19,01:09:00,1,35.2279,-86.3916,35.2669,-86.3351,4.17,400,0,0,
345,25192,1973,5,1973-05-27,10:00:00,2,35.0,-86.33,0.0,0.0,0.1,10,0,0,5.0
346,25220,1974,4,1974-04-01,19:10:00,2,36.12,-86.85,36.2,-86.68,10.9,440,1,12,3.0
347,25221,1974,4,1974-04-01,19:45:00,1,36.2,-86.53,36.22,-86.3,13.1,100,0,4,6.0
348,25234,1974,4,1974-04-03,16:18:00,2,36.13,-86.73,36.15,-86.65,4.7,400,0,0,6.0
349,25235,1974,4,1974-04-03,17:00:00,2,36.27,-86.2,36.4,-85.97,15.8,300,0,0,6.0
350,25236,1974,4,1974-04-03,17:00:00,1,35.53,-86.77,35.67,-86.6,12.9,200,0,4,4.0
351,25237,1974,4,1974-04-03,17:10:00,3,35.83,-86.43,35.98,-86.22,15.9,100,0,0,3.0
352,25238,1974,4,1974-04-03,17:15:00,1,35.45,-86.85,35.62,-86.43,26.1,200,0,0,5.0
353,25239,1974,4,1974-04-03,18:30:00,3,35.92,-86.05,36.05,-85.85,14.6,100,1,23,5.0
354,25241,1974,4,1974-04-03,18:45:00,4,35.0,-86.5,35.32,-86.08,27.5,800,11,121,6.0
355,25243,1974,4,1974-04-03,19:00:00,1,36.25,-85.6,36.33,-85.48,8.6,200,0,0,5.0
356,25244,1974,4,1974-04-03,20:00:00,3,35.25,-86.0,35.33,-85.93,7.1,100,0,1,4.0
357,25247,1974,4,1974-04-03,20:15:00,2,35.52,-85.77,35.6,-85.65,8.7,100,1,1,5.0
358,25248,1974,4,1974-04-03,21:00:00,1,35.28,-86.92,35.47,-86.48,27.5,100,0,0,3.0
359,25250,1994,6,1994-06-26,18:00:00,0,35.42,-85.98,35.45,-85.93,3.0,50,0,0,4.0
360,25251,1974,4,1974-04-03,22:45:00,1,35.75,-85.83,35.82,-85.73,7.2,100,0,1,4.0
361,25252,1994,6,1994-06-26,18:30:00,2,35.43,-85.82,35.43,-85.73,4.0,50,0,6,5.0
362,25255,1994,6,1994-06-26,19:30:00,1,35.13,-86.2,35.22,-86.08,8.0,200,0,0,4.0
363,25263,1995,1,1995-01-28,15:55:00,1,35.75,-86.55,35.78,-86.5,3.0,50,0,0,4.0
364,25266,1995,3,1995-03-07,13:26:00,0,36.48,-86.32,0.0,0.0,0.2,10,0,0,4.0
365,25267,2011,4,2011-04-27,04:38:00,2,35.0022,-86.6981,35.2683,-86.374,25.95,400,0,0,
366,25269,2013,6,2013-06-09,17:09:00,1,35.23,-86.1291,35.2471,-86.0831,2.85,150,0,0,
367,25270,1995,3,1995-03-07,19:30:00,0,35.02,-85.72,0.0,0.0,0.2,10,0,0,4.0
368,25271,2011,4,2011-04-27,04:40:00,1,35.6899,-86.6962,35.7069,-86.6491,2.89,100,0,0,5.0
369,25272,2013,6,2013-06-09,17:32:00,0,35.3061,-85.9859,35.3075,-85.9811,0.29,50,0,0,
370,25274,1995,4,1995-04-20,22:55:00,1,35.13,-86.2,35.17,-86.15,3.0,30,0,0,5.0
371,25275,2011,4,2011-04-27,04:47:00,0,35.737,-86.5626,35.7546,-86.5317,2.11,50,0,0,4.0
372,25277,2011,4,2011-04-27,04:52:00,0,35.83,-86.46,35.8447,-86.4385,1.57,75,0,0,4.0
373,25278,2011,4,2011-04-27,05:13:00,2,35.4,-86.2739,35.4201,-86.2496,1.98,75,0,0,4.0
374,25280,1995,4,1995-04-21,00:18:00,1,35.03,-85.55,35.07,-85.45,5.0,23,0,1,4.0
375,25281,2011,4,2011-04-27,05:24:00,0,36.1752,-86.0066,36.2007,-85.9538,3.43,50,0,0,3.0
376,25284,2011,4,2011-04-27,05:45:00,0,35.5267,-85.9974,35.5327,-85.9685,1.67,50,0,0,3.0
377,25285,1995,5,1995-05-10,16:00:00,0,35.2,-85.53,0.0,0.0,1.0,20,0,1,5.0
378,25296,2013,11,2013-11-17,18:31:00,1,36.5862,-86.6901,36.584,-86.6727,0.97,100,0,0,5.0
379,25297,2013,11,2013-11-17,18:42:00,0,36.5875,-86.522,36.5871,-86.5158,0.35,50,0,0,5.0
380,25299,2013,11,2013-11-17,21:37:00,0,35.222,-86.6418,35.2218,-86.6318,0.57,25,0,0,
381,25301,1995,5,1995-05-14,03:55:00,0,36.13,-85.53,0.0,0.0,0.5,20,0,0,4.0
382,25303,1995,5,1995-05-18,11:30:00,2,36.3,-86.72,36.4,-86.45,15.0,73,0,28,6.0
383,25304,1995,5,1995-05-18,12:15:00,1,36.47,-86.18,0.0,0.0,1.0,23,0,0,5.0
384,25309,1995,5,1995-05-18,15:55:00,0,35.75,-86.65,35.75,-86.55,8.0,73,0,4,4.0
385,25318,1995,5,1995-05-18,16:30:00,0,35.85,-85.8,35.82,-85.8,2.0,23,0,0,3.0
386,25322,1976,3,1976-03-20,22:25:00,1,36.15,-86.43,36.1,-86.32,7.3,440,0,0,5.0
387,25323,1995,5,1995-05-18,16:52:00,1,36.37,-86.7,36.5,-86.63,3.0,23,0,0,3.0
388,25326,1995,5,1995-05-18,17:00:00,1,35.48,-86.47,35.45,-86.18,16.0,50,0,1,5.0
389,25329,1986,4,1986-04-20,18:25:00,1,35.08,-85.6,0.0,0.0,0.2,27,0,6,5.0
390,25330,1995,5,1995-05-18,17:30:00,0,35.48,-86.08,0.0,0.0,1.0,20,0,0,4.0
391,25345,1977,3,1977-03-28,05:34:00,2,36.52,-86.03,0.0,0.0,0.3,50,0,0,5.0
392,25352,1977,6,1977-06-06,15:20:00,0,35.2,-86.62,35.15,-86.47,9.2,440,0,0,3.0
393,25372,1978,4,1978-04-18,02:00:00,1,35.27,-86.75,0.0,0.0,0.1,10,0,0,4.0
394,25375,1988,6,1988-06-18,16:05:00,2,35.08,-86.45,35.0,-86.35,7.0,73,0,0,4.0
395,25386,1996,6,1996-06-09,02:35:00,1,36.2,-86.27,36.18,-86.25,2.4,450,0,0,5.0
396,25397,1988,12,1988-12-24,06:04:00,4,35.92,-86.9,36.03,-86.78,6.0,150,1,7,7.0
397,25406,1996,11,1996-11-07,16:00:00,2,35.05,-86.3,35.13,-86.2,7.9,175,0,1,5.0
398,25409,1996,11,1996-11-07,16:17:00,1,35.22,-86.08,35.22,-86.08,0.1,18,0,0,
399,25411,1996,11,1996-11-07,16:22:00,1,35.25,-86.0,35.25,-86.0,0.1,18,0,0,
400,25413,1996,11,1996-11-07,16:24:00,1,35.27,-85.97,35.27,-85.97,0.1,18,0,0,
401,25416,1997,1,1997-01-24,16:37:00,2,35.98,-86.53,35.98,-86.45,4.8,440,0,0,5.0
402,25417,1979,6,1979-06-30,00:30:00,1,36.25,-85.6,0.0,0.0,2.0,100,2,1,4.0
403,25420,1997,1,1997-01-24,16:38:00,1,35.45,-86.7,35.53,-86.7,2.4,60,0,0,5.0
404,25423,1997,1,1997-01-24,16:50:00,2,35.13,-86.78,35.18,-86.73,4.2,200,0,0,5.0
405,25426,1997,1,1997-01-24,16:53:00,2,36.03,-86.37,36.1,-86.17,10.7,400,0,3,6.0
406,25429,1997,1,1997-01-24,16:53:00,2,35.48,-86.63,35.52,-86.6,2.8,440,0,0,5.0
407,25433,1997,1,1997-01-24,17:00:00,4,35.78,-86.5,35.83,-86.38,6.5,300,0,18,6.0
408,25435,1980,3,1980-03-24,12:30:00,2,35.85,-86.38,35.87,-86.35,1.9,150,0,2,5.0
409,25436,1997,1,1997-01-24,17:23:00,2,36.08,-86.03,36.1,-86.0,2.0,220,0,1,4.0
410,25437,1980,4,1980-04-08,10:20:00,0,35.58,-86.7,0.0,0.0,0.1,50,0,0,2.0
411,25438,1990,2,1990-02-09,22:13:00,1,35.27,-86.13,0.0,0.0,2.5,43,0,0,4.0
412,25439,1980,4,1980-04-08,10:46:00,1,35.8,-86.52,0.0,0.0,0.5,50,0,0,4.0
413,25440,1997,1,1997-01-24,17:28:00,2,36.12,-86.03,36.2,-85.8,14.0,440,0,6,6.0
414,25441,1990,2,1990-02-09,22:25:00,1,35.28,-85.98,0.0,0.0,2.2,50,0,0,3.0
415,25443,1997,1,1997-01-24,17:33:00,2,35.87,-86.03,35.92,-86.0,3.2,440,0,2,5.0
416,25445,1997,1,1997-01-24,17:36:00,0,36.58,-86.55,36.58,-86.55,0.3,10,0,0,
417,25446,1980,5,1980-05-17,14:30:00,1,36.25,-86.6,0.0,0.0,0.7,200,0,1,5.0
418,25447,1980,5,1980-05-17,14:30:00,1,36.33,-86.45,0.0,0.0,0.2,20,0,3,4.0
419,25452,1997,1,1997-01-24,17:45:00,1,36.13,-85.78,36.2,-85.62,13.0,200,0,0,3.0
420,25459,1997,1,1997-01-24,17:48:00,2,35.97,-85.85,36.03,-85.75,7.3,440,0,0,5.0
421,25465,1997,1,1997-01-24,18:08:00,2,36.25,-85.53,36.28,-85.48,3.2,70,0,0,5.0
422,25483,1980,6,1980-06-24,14:00:00,1,35.65,-85.88,0.0,0.0,0.1,10,0,0,3.0
423,25487,1980,6,1980-06-29,10:00:00,2,35.02,-86.82,0.0,0.0,1.0,40,0,0,4.0
424,25488,1980,7,1980-07-05,18:00:00,2,36.38,-86.53,36.28,-86.52,6.9,100,0,0,4.0
425,25490,1980,7,1980-07-06,14:00:00,1,35.0,-85.73,0.0,0.0,1.0,200,0,0,4.0
426,25495,1980,8,1980-08-29,13:45:00,1,36.08,-86.03,0.0,0.0,0.8,40,0,0,4.0
427,25496,1981,4,1981-04-17,07:10:00,1,36.47,-86.7,0.0,0.0,0.4,50,0,0,4.0
428,25502,1982,3,1982-03-20,08:00:00,1,36.62,-86.45,0.0,0.0,0.2,40,0,0,4.0
429,25504,1982,6,1982-06-03,13:15:00,1,35.05,-85.63,0.0,0.0,2.0,77,0,0,4.0
430,25506,1983,5,1983-05-29,16:00:00,1,35.82,-85.65,0.0,0.0,1.0,20,0,1,4.0
431,25509,1984,4,1984-04-22,04:00:00,1,35.12,-86.48,35.15,-86.42,3.0,50,0,0,4.0
432,25511,1984,5,1984-05-06,05:15:00,2,36.58,-86.52,0.0,0.0,2.0,50,0,0,5.0
433,25513,1984,5,1984-05-06,05:20:00,2,36.6,-86.52,0.0,0.0,1.0,50,0,0,4.0
434,25515,1984,5,1984-05-06,07:45:00,1,35.5,-86.08,35.53,-86.0,5.0,50,0,0,4.0
435,25517,1984,5,1984-05-06,10:00:00,1,36.55,-86.03,0.0,0.0,0.1,10,0,0,1.0
436,25519,1984,5,1984-05-07,01:30:00,1,35.98,-86.53,0.0,0.0,0.3,50,0,0,4.0
437,25521,1984,5,1984-05-07,02:15:00,1,36.02,-85.85,0.0,0.0,2.0,70,0,0,5.0
438,25523,1984,5,1984-05-07,04:30:00,1,35.63,-86.7,0.0,0.0,0.1,10,0,0,0.0
439,25526,1984,5,1984-05-07,07:00:00,1,35.85,-86.42,0.0,0.0,0.1,10,0,0,0.0
440,25527,1984,5,1984-05-07,14:30:00,1,36.4,-86.33,0.0,0.0,1.0,50,0,0,5.0
441,25531,1992,8,1992-08-27,15:00:00,0,35.45,-86.8,0.0,0.0,0.2,13,0,4,3.0
442,25532,1992,8,1992-08-27,17:50:00,0,36.12,-86.42,0.0,0.0,0.5,30,0,0,4.0
443,25536,1975,3,1975-03-12,11:45:00,1,35.5,-86.25,35.53,-85.88,20.7,440,0,0,5.0
444,25546,1976,2,1976-02-17,23:00:00,1,35.92,-86.83,35.98,-86.5,19.2,440,0,2,5.0
445,25551,1976,2,1976-02-17,23:15:00,1,36.02,-86.58,36.2,-86.28,20.9,440,0,0,5.0
446,25553,1997,3,1997-03-28,18:06:00,0,36.38,-86.72,36.38,-86.7,0.5,200,0,0,
447,25556,1998,1,1998-01-07,12:45:00,1,35.48,-85.95,35.52,-85.97,0.5,30,0,0,5.0
448,25560,1998,4,1998-04-03,14:58:00,2,36.45,-86.48,36.4,-86.32,15.8,200,0,0,5.0
449,25564,1984,5,1984-05-07,14:30:00,1,35.45,-86.8,0.0,0.0,2.0,60,0,0,5.0
450,25565,1998,4,1998-04-03,15:12:00,1,36.35,-86.43,36.37,-86.37,4.6,100,0,0,5.0
451,25568,1984,5,1984-05-26,13:15:00,0,35.15,-86.58,0.0,0.0,0.1,20,0,0,0.0
452,25569,1997,3,1997-03-28,21:17:00,1,36.25,-85.98,36.25,-85.97,1.0,20,0,0,4.0
453,25572,1997,3,1997-03-28,22:38:00,0,35.42,-85.98,35.42,-85.98,0.5,20,0,0,
454,25573,1984,10,1984-10-23,13:15:00,0,35.12,-85.6,0.0,0.0,0.1,27,0,0,4.0
455,25574,1997,3,1997-03-28,23:33:00,2,35.47,-85.55,35.48,-85.45,6.0,440,0,0,5.0
456,25575,1992,8,1992-08-27,18:50:00,0,36.17,-86.37,0.0,0.0,0.2,13,0,0,4.0
457,25578,1984,11,1984-11-10,14:30:00,1,36.4,-86.45,0.0,0.0,0.5,40,0,3,4.0
458,25579,1997,5,1997-05-02,17:00:00,2,35.02,-86.27,35.0,-86.25,0.9,150,0,0,5.0
459,25583,1998,4,1998-04-03,16:08:00,2,36.47,-85.77,36.5,-85.6,10.0,200,0,0,5.0
460,25590,1998,4,1998-04-08,19:00:00,1,35.48,-86.08,35.48,-86.07,1.0,200,0,0,4.0
461,25593,1985,4,1985-04-05,16:15:00,1,35.42,-86.23,0.0,0.0,1.0,30,0,0,3.0
462,25595,1998,4,1998-04-16,11:35:00,2,36.43,-85.83,36.43,-85.85,3.0,800,0,0,4.0
463,25599,1998,4,1998-04-16,14:30:00,3,36.07,-86.92,36.37,-86.12,42.1,880,1,60,8.0
464,25600,1985,6,1985-06-04,16:30:00,2,36.27,-86.45,36.22,-86.37,5.0,100,0,0,4.0
465,25607,1985,8,1985-08-16,16:00:00,2,35.1,-86.72,35.2,-86.75,7.0,70,0,0,3.0
466,25609,1998,4,1998-04-16,15:20:00,2,36.18,-86.68,36.27,-86.23,27.7,880,0,0,6.0
467,25611,2004,5,2004-05-30,05:45:00,1,35.27,-85.75,35.28,-85.73,1.0,10,0,0,4.0
468,25613,1985,8,1985-08-16,17:50:00,1,35.78,-86.75,0.0,0.0,1.0,30,0,0,3.0
469,25615,1993,2,1993-02-21,13:52:00,3,36.17,-85.6,36.1,-85.43,10.0,100,0,6,5.0
470,25620,1998,4,1998-04-16,16:15:00,2,36.13,-86.83,36.15,-86.82,1.0,800,0,0,5.0
471,25622,1998,6,1998-06-02,02:15:00,1,35.95,-86.5,35.95,-86.48,1.0,200,0,0,6.0
472,25634,1998,6,1998-06-30,02:09:00,1,36.05,-86.75,36.05,-86.73,1.2,100,0,0,4.0
473,25637,1999,5,1999-05-05,20:45:00,1,36.23,-86.68,36.23,-86.68,0.1,100,0,0,4.0
474,25638,1999,5,1999-05-05,20:58:00,1,36.3,-86.8,36.3,-86.8,0.1,100,0,0,3.0
475,25640,1999,5,1999-05-05,21:36:00,2,36.38,-86.47,36.4,-86.45,0.7,220,0,17,6.0
476,25646,1999,8,1999-08-12,16:00:00,0,35.97,-86.55,35.97,-86.55,0.1,0,0,0,
477,25649,2000,2,2000-02-13,18:04:00,1,36.15,-86.87,36.15,-86.8,4.3,200,0,1,5.0
478,25651,2000,3,2000-03-25,17:20:00,0,35.75,-86.65,35.75,-86.65,0.1,0,0,0,
479,25652,2000,4,2000-04-20,17:25:00,0,36.17,-86.57,36.17,-86.55,0.4,10,0,0,
480,25654,2000,4,2000-04-20,18:14:00,1,35.53,-86.4,35.53,-86.37,2.0,60,1,0,4.0
481,25663,2000,5,2000-05-24,18:10:00,1,36.45,-86.18,36.4,-86.15,4.0,20,0,0,
482,25667,2000,5,2000-05-24,22:58:00,1,36.13,-86.8,36.13,-86.8,0.8,100,0,0,4.0
483,25668,2000,5,2000-05-24,23:00:00,1,36.13,-86.8,36.13,-86.8,0.3,100,0,0,4.0
484,25669,2000,5,2000-05-24,23:50:00,0,35.98,-86.53,35.98,-86.53,0.4,10,0,0,
485,25670,2004,5,2004-05-31,00:17:00,1,35.3,-86.35,35.32,-86.23,6.0,150,0,0,4.0
486,25671,2000,5,2000-05-26,11:45:00,1,36.07,-86.77,36.08,-86.75,1.3,500,0,0,4.0
487,25672,2004,5,2004-05-31,00:19:00,1,35.37,-86.48,35.37,-86.47,0.8,150,0,0,4.0
488,25673,1950,3,1950-03-27,15:00:00,1,35.68,-85.77,0.0,0.0,0.2,10,0,0,3.0
489,25684,2004,8,2004-08-20,14:35:00,0,35.28,-86.43,35.28,-86.42,1.0,30,0,0,
490,25685,1952,2,1952-02-13,21:00:00,1,35.23,-86.82,0.0,0.0,0.2,400,0,0,0.0
491,25686,2000,12,2000-12-16,13:08:00,1,35.02,-86.82,35.02,-86.8,1.5,50,0,0,4.0
492,25689,1952,2,1952-02-13,22:00:00,3,35.22,-86.6,35.22,-86.47,7.4,350,0,2,5.0
493,25690,2001,2,2001-02-25,01:20:00,0,35.98,-86.82,35.98,-86.82,0.1,10,0,0,
494,25693,1952,2,1952-02-13,22:30:00,4,35.2,-86.3,35.22,-86.08,12.7,100,3,44,5.0
495,25694,2001,2,2001-02-25,01:20:00,0,35.98,-86.53,35.98,-86.53,0.1,10,0,0,
496,25696,2001,2,2001-02-25,01:30:00,0,36.13,-86.22,36.13,-86.22,0.1,10,0,0,
497,25698,1952,2,1952-02-13,23:00:00,3,35.25,-85.83,35.27,-85.75,5.1,400,0,2,5.0
498,25702,1952,2,1952-02-29,16:00:00,1,35.42,-86.7,0.0,0.0,0.1,100,3,166,4.0
499,25707,1952,2,1952-02-29,16:30:00,4,35.15,-86.58,0.0,0.0,2.0,300,2,150,6.0
500,25708,2001,5,2001-05-31,19:05:00,2,35.92,-86.2,35.97,-86.1,6.3,440,1,2,5.0
501,25711,1952,2,1952-02-29,16:40:00,2,35.53,-85.85,0.0,0.0,1.0,400,0,0,4.0
502,25712,1963,3,1963-03-11,16:20:00,2,35.73,-86.53,0.0,0.0,2.0,100,0,0,4.0
503,25716,1963,3,1963-03-11,18:00:00,2,35.68,-85.77,35.62,-85.72,5.2,100,0,0,5.0
504,25718,2001,10,2001-10-24,19:20:00,0,36.02,-86.58,36.02,-86.58,0.1,6,0,0,
505,25720,1952,3,1952-03-22,11:15:00,1,36.25,-85.93,0.0,0.0,0.3,10,0,1,4.0
506,25721,1963,3,1963-03-11,19:00:00,2,35.0,-85.72,35.15,-85.53,14.7,200,0,6,5.0
507,25722,2001,10,2001-10-24,20:28:00,2,35.5,-86.07,35.5,-86.07,0.2,20,0,0,6.0
508,25729,1952,6,1952-06-30,18:05:00,1,36.03,-86.77,0.0,0.0,0.3,10,0,0,3.0
509,25730,1963,3,1963-03-19,12:40:00,2,36.6,-86.63,36.57,-86.38,14.0,1000,0,0,5.0
510,25732,1953,1,1953-01-20,17:41:00,2,35.7,-85.85,0.0,0.0,0.5,500,0,0,4.0
511,25734,2005,11,2005-11-15,18:42:00,0,36.28,-86.58,36.28,-86.58,0.1,10,0,0,
512,25741,2002,4,2002-04-28,06:34:00,3,35.75,-86.37,35.77,-86.32,3.2,350,0,31,6.0
513,25742,1953,5,1953-05-14,12:00:00,1,35.08,-86.58,0.0,0.0,0.1,10,0,0,3.0
514,25747,2002,4,2002-04-28,06:45:00,2,35.72,-86.17,35.72,-86.15,0.9,30,0,0,
515,25760,2006,4,2006-04-07,13:08:00,3,36.32,-86.77,36.4,-86.37,22.7,880,7,128,8.0
516,25766,2006,4,2006-04-07,15:45:00,1,35.83,-85.97,35.83,-85.72,11.0,150,2,0,5.0
517,25769,2006,4,2006-04-07,17:17:00,0,35.32,-86.52,35.28,-86.5,0.2,30,0,0,
518,25775,2002,11,2002-11-10,02:00:00,2,36.58,-86.58,36.58,-86.53,2.6,900,0,6,5.0
519,25776,2006,4,2006-04-07,17:28:00,1,35.58,-85.92,35.58,-85.92,4.0,100,1,0,5.0
520,25778,2002,11,2002-11-10,17:42:00,1,35.6,-86.15,35.6,-86.08,4.1,50,0,0,
521,25779,2006,4,2006-04-07,17:30:00,0,35.22,-86.47,35.22,-86.45,0.5,50,0,0,3.0
522,25781,2002,11,2002-11-10,17:45:00,2,35.48,-86.32,35.53,-86.1,5.0,500,0,3,5.0
523,25784,1955,2,1955-02-01,18:00:00,2,35.57,-86.43,35.6,-86.27,9.4,1000,0,0,5.0
524,25785,2002,11,2002-11-10,18:52:00,2,35.5,-86.22,35.57,-86.02,12.3,450,2,24,5.0
525,25786,2006,4,2006-04-07,19:01:00,0,35.17,-86.4,35.17,-86.4,0.1,30,0,0,3.0
526,25787,1955,2,1955-02-01,23:00:00,1,35.43,-85.72,0.0,0.0,2.0,300,0,0,4.0
527,25788,1964,12,1964-12-25,22:00:00,1,36.07,-86.77,36.12,-86.68,5.7,67,0,0,6.0
528,25793,2003,3,2003-03-19,11:09:00,1,36.1,-85.58,36.28,-85.45,12.2,440,1,1,5.0
529,25794,1955,3,1955-03-04,22:54:00,2,36.62,-86.6,36.63,-86.52,3.8,1000,0,4,5.0
530,25797,2003,3,2003-03-19,12:42:00,1,35.73,-85.73,35.73,-85.72,0.5,200,0,1,4.0
531,25798,1955,3,1955-03-05,15:00:00,1,36.25,-85.95,0.0,0.0,0.5,100,0,3,4.0
532,25799,1965,3,1965-03-17,08:00:00,1,35.7,-85.8,0.0,0.0,1.0,33,0,1,4.0
533,25801,1965,3,1965-03-17,09:00:00,1,36.12,-86.42,0.0,0.0,0.1,10,0,0,3.0
534,25802,2003,3,2003-03-19,12:50:00,1,35.88,-85.53,35.93,-85.52,3.6,200,0,0,4.0
535,25803,1955,3,1955-03-05,19:00:00,2,36.0,-86.17,0.0,0.0,0.1,10,0,0,4.0
536,25804,2007,4,2007-04-03,21:24:00,0,34.99,-86.77,34.9,-86.65,9.27,75,0,0,
537,25805,1965,3,1965-03-17,09:30:00,1,35.83,-85.53,0.0,0.0,2.0,73,0,2,5.0
538,25806,2003,5,2003-05-05,00:45:00,1,36.22,-86.78,36.22,-86.78,0.2,70,0,0,5.0
539,25810,2003,5,2003-05-05,01:30:00,0,36.02,-86.58,36.02,-86.58,0.1,20,0,0,
540,25812,2003,5,2003-05-05,01:45:00,1,35.88,-86.1,35.92,-86.08,3.0,100,0,0,5.0
541,25814,1955,4,1955-04-24,00:01:00,2,36.42,-86.5,36.53,-86.35,11.5,10,0,0,5.0
542,25816,2003,5,2003-05-05,10:45:00,3,35.27,-86.58,35.27,-86.57,1.6,700,0,2,4.0
543,25817,1955,5,1955-05-12,17:58:00,1,35.83,-86.38,0.0,0.0,0.3,20,0,0,4.0
544,25821,2003,5,2003-05-05,15:45:00,1,35.73,-86.03,35.75,-85.97,3.3,150,0,0,
545,25846,2007,11,2007-11-14,15:17:00,1,36.22,-85.61,36.22,-85.61,0.12,100,0,0,4.0
546,25848,2007,11,2007-11-14,16:16:00,0,36.02,-85.57,36.02,-85.56,0.67,100,0,0,4.0
547,25849,1956,2,1956-02-27,15:30:00,3,36.47,-86.65,36.55,-86.4,15.0,100,0,4,4.0
548,25851,2007,11,2007-11-14,17:35:00,1,35.04,-86.48,35.05,-86.38,5.34,75,0,0,3.0
549,25852,2007,11,2007-11-14,19:02:00,2,35.05,-85.69,35.04,-85.65,1.96,200,0,9,6.0
550,25860,1956,4,1956-04-03,19:45:00,1,36.53,-86.45,0.0,0.0,0.2,10,0,0,4.0
551,25861,1966,4,1966-04-12,12:00:00,1,35.93,-86.17,0.0,0.0,1.0,73,0,0,3.0
552,25863,1966,4,1966-04-30,12:00:00,1,36.1,-86.1,0.0,0.0,0.1,10,0,0,0.0
553,25864,1957,1,1957-01-22,16:30:00,2,36.1,-86.87,36.18,-86.62,15.0,100,0,4,6.0
554,25865,1966,6,1966-06-16,15:00:00,1,36.38,-86.18,0.0,0.0,0.1,10,0,0,4.0
555,25867,1957,1,1957-01-22,17:00:00,2,36.25,-86.35,0.0,0.0,0.4,13,0,0,4.0
556,25868,1957,1,1957-01-22,18:30:00,1,35.7,-86.4,0.0,0.0,0.1,10,0,0,4.0
557,25870,1957,1,1957-01-22,20:30:00,2,35.57,-85.98,35.58,-85.9,4.7,30,0,0,5.0
558,25873,1967,5,1967-05-07,03:30:00,2,36.37,-86.2,36.4,-86.13,4.1,200,0,0,4.0
559,25879,1967,7,1967-07-12,17:00:00,1,35.15,-86.47,0.0,0.0,0.1,10,0,0,4.0
560,25893,1968,4,1968-04-04,18:00:00,1,35.2,-86.13,0.0,0.0,0.1,10,0,0,3.0
561,25899,1968,4,1968-04-14,18:00:00,1,35.47,-86.1,0.0,0.0,0.3,10,0,0,0.0
562,25901,1968,4,1968-04-23,14:58:00,1,35.95,-85.82,0.0,0.0,0.1,10,0,1,5.0
563,25923,1959,3,1959-03-26,18:10:00,3,36.25,-85.98,36.43,-85.72,19.5,440,0,0,5.0
564,25931,2003,5,2003-05-11,02:12:00,1,36.18,-86.77,36.18,-86.68,4.5,200,0,0,5.0
565,25933,2003,5,2003-05-11,02:20:00,1,36.22,-86.55,36.23,-86.47,3.6,200,0,0,5.0
566,25935,2003,5,2003-05-11,02:30:00,1,35.93,-86.7,35.93,-86.68,0.5,200,0,0,
567,25936,1970,4,1970-04-01,20:30:00,1,36.25,-85.93,36.28,-85.88,3.6,50,0,2,4.0
568,25937,2003,5,2003-05-11,02:40:00,1,36.37,-86.5,36.37,-86.42,5.5,200,0,0,
569,25939,2003,5,2003-05-11,02:50:00,3,35.95,-86.4,35.97,-86.38,1.0,400,0,0,6.0
570,25952,2004,3,2004-03-05,23:35:00,0,35.2,-85.93,35.2,-85.93,0.2,100,0,0,
571,25955,2008,2,2008-02-05,22:02:00,3,36.38,-86.34,36.78,-85.56,50.32,880,22,63,7.0
572,25961,2008,2,2008-02-06,01:12:00,0,36.35,-86.67,36.37,-86.62,3.26,50,0,0,
573,25962,2008,2,2008-02-06,01:22:00,1,36.4,-86.54,36.5,-86.37,11.76,100,0,0,
574,25964,2008,4,2008-04-11,12:15:00,2,35.53,-86.44,35.59,-86.33,7.48,200,0,0,5.0
575,25965,2008,4,2008-04-11,12:30:00,0,35.62,-86.24,35.62,-86.24,0.18,20,0,0,4.0
576,25966,2008,4,2008-04-11,12:42:00,1,35.68,-85.98,35.73,-85.72,14.96,250,0,0,6.0
577,25969,1960,3,1960-03-30,01:00:00,2,35.45,-86.78,35.52,-86.67,8.2,10,0,1,4.0
578,25973,1960,8,1960-08-17,15:00:00,1,36.5,-86.67,0.0,0.0,0.1,10,0,0,4.0
579,25979,1961,3,1961-03-13,16:40:00,3,35.6,-85.92,35.62,-85.75,9.3,250,0,0,5.0
580,25987,1970,4,1970-04-27,14:00:00,4,36.45,-87.13,36.55,-86.37,42.6,250,3,85,6.0
581,26000,1971,4,1971-04-27,20:31:00,3,35.98,-86.23,36.02,-85.97,15.0,200,0,3,5.0
582,26002,1998,3,1998-03-08,16:05:00,0,35.5,-86.9,35.5,-86.88,1.0,220,0,0,
583,26004,1998,4,1998-04-03,14:10:00,2,36.47,-87.4,36.53,-87.32,6.4,200,0,0,5.0
584,26005,1998,4,1998-04-03,14:35:00,2,36.4,-86.93,36.45,-86.8,5.6,200,0,3,5.0
585,26017,1998,4,1998-04-08,18:00:00,0,35.17,-87.35,35.17,-87.35,0.5,200,0,0,
586,26020,1998,4,1998-04-16,06:10:00,3,36.0,-87.33,36.0,-87.3,2.0,1300,0,5,5.0
587,26021,1998,4,1998-04-16,09:18:00,2,36.57,-87.15,36.57,-87.15,1.1,200,0,0,4.0
588,26022,1998,4,1998-04-16,09:20:00,3,36.57,-87.13,36.57,-87.02,7.2,400,0,0,5.0
589,26023,1998,4,1998-04-16,11:05:00,0,35.88,-87.82,35.87,-87.8,0.5,100,0,0,
590,26024,1998,4,1998-04-16,14:15:00,0,36.13,-87.0,36.15,-87.0,1.0,400,0,0,
591,26025,1998,4,1998-04-16,15:50:00,5,35.22,-88.02,35.55,-86.9,69.4,1760,3,36,7.0
592,26034,1998,6,1998-06-14,19:53:00,1,36.23,-88.08,36.23,-88.07,1.0,100,0,0,4.0
593,26042,1999,1,1999-01-17,19:06:00,1,36.48,-87.88,36.48,-87.88,0.1,100,0,0,4.0
594,26043,1999,1,1999-01-17,19:28:00,1,36.55,-87.43,36.57,-87.43,0.6,250,0,0,4.0
595,26044,1999,1,1999-01-17,20:00:00,1,36.55,-86.97,36.58,-86.95,0.5,50,0,0,4.0
596,26045,1999,1,1999-01-22,03:20:00,3,36.05,-88.17,36.23,-88.0,15.0,220,1,5,6.0
597,26046,1999,1,1999-01-22,04:15:00,3,36.53,-87.35,36.58,-87.3,4.3,880,0,5,8.0
598,26047,1999,1,1999-01-22,04:43:00,2,36.1,-87.7,36.12,-87.63,4.0,220,0,1,5.0
599,26052,1999,5,1999-05-05,17:45:00,0,36.4,-87.65,36.4,-87.65,0.5,100,0,0,
600,26053,1999,5,1999-05-05,17:58:00,0,36.47,-87.43,36.47,-87.43,0.5,100,0,0,
601,26054,1999,5,1999-05-05,19:20:00,4,35.57,-87.92,35.63,-87.83,6.0,580,3,0,5.0
602,26064,2000,5,2000-05-20,16:00:00,0,35.27,-87.33,35.27,-87.33,0.3,10,0,0,
603,26068,2000,5,2000-05-23,18:25:00,1,36.53,-88.0,36.53,-88.0,0.2,20,0,0,
604,26069,2000,5,2000-05-25,01:30:00,1,35.92,-88.17,35.83,-88.1,5.4,50,0,0,
605,26070,2000,5,2000-05-25,02:00:00,2,35.73,-87.42,35.73,-87.42,7.8,440,0,3,4.0
606,26071,2000,5,2000-05-25,02:20:00,1,35.68,-87.27,35.68,-87.25,1.0,220,0,0,
607,26072,2000,5,2000-05-25,02:26:00,1,35.62,-87.17,35.62,-87.17,0.5,100,0,0,
608,26073,2000,5,2000-05-25,02:35:00,2,35.55,-86.97,35.53,-86.93,2.5,220,0,0,
609,26074,2000,5,2000-05-26,17:10:00,1,36.27,-88.08,36.3,-88.0,5.8,500,0,0,
610,26076,2000,5,2000-05-26,17:33:00,1,36.4,-87.95,36.4,-87.93,0.3,100,0,0,
611,26077,2000,5,2000-05-26,17:41:00,1,36.43,-87.9,36.43,-87.9,0.2,100,0,0,
612,26078,2000,5,2000-05-27,13:40:00,1,36.3,-88.05,36.3,-88.05,4.9,100,0,0,
613,26079,2000,5,2000-05-27,13:46:00,3,36.32,-87.97,36.32,-87.67,17.2,500,0,0,6.0
614,26080,2000,5,2000-05-27,14:10:00,0,36.48,-87.42,36.48,-87.42,0.3,50,0,0,
615,26081,2000,7,2000-07-20,15:10:00,0,35.28,-87.32,35.28,-87.32,0.1,20,0,0,3.0
616,26083,2001,2,2001-02-25,00:40:00,0,35.53,-87.2,35.53,-87.2,0.1,10,0,0,
617,26092,2011,4,2011-04-27,04:50:00,1,35.4121,-87.3206,35.4313,-87.2797,2.66,150,0,1,4.0
618,26094,2011,4,2011-04-27,16:11:00,2,35.0248,-88.2735,35.0368,-88.2072,3.84,200,0,2,6.0
619,26097,2011,5,2011-05-23,17:52:00,2,36.5497,-87.8276,36.8107,-87.3883,30.59,175,0,3,6.0
620,26098,2002,4,2002-04-28,03:00:00,0,36.37,-88.35,36.32,-88.32,5.0,50,0,0,4.0
621,26100,2002,4,2002-04-28,14:42:00,0,35.53,-87.2,35.53,-87.2,0.1,10,0,0,
622,26102,2002,4,2002-04-30,22:26:00,0,36.12,-87.63,36.12,-87.63,0.1,6,0,0,
623,26113,2002,11,2002-11-10,00:50:00,0,36.53,-87.18,36.53,-87.18,0.1,20,0,0,
624,26114,2002,11,2002-11-10,01:00:00,1,36.53,-87.15,36.55,-87.13,0.3,400,2,0,5.0
625,26116,2002,11,2002-11-10,01:05:00,0,36.55,-87.1,36.55,-87.1,0.1,20,0,0,
626,26126,2003,5,2003-05-04,21:53:00,2,36.22,-88.42,36.3,-88.17,17.0,200,0,0,6.0
627,26135,2001,5,2001-05-31,16:45:00,1,35.93,-87.4,35.97,-87.4,0.7,50,0,0,4.0
628,26142,2003,5,2003-05-04,22:10:00,1,36.43,-88.13,36.55,-88.08,6.0,100,0,0,5.0
629,26146,2003,5,2003-05-04,22:35:00,0,36.5,-87.68,36.5,-87.68,0.1,10,0,0,4.0
630,26150,2012,1,2012-01-22,23:55:00,1,35.585,-88.3925,35.6419,-88.2692,7.97,150,0,0,4.0
631,26152,2003,5,2003-05-04,23:53:00,3,36.42,-87.35,36.4,-87.2,11.5,1000,0,1,6.0
632,26153,2001,10,2001-10-24,19:00:00,0,35.9,-87.0,35.9,-87.0,0.2,10,0,0,
633,26154,2003,5,2003-05-04,23:55:00,1,36.48,-87.12,36.53,-86.67,24.0,100,0,0,6.0
634,26155,2001,11,2001-11-26,23:25:00,3,36.25,-88.25,36.28,-88.23,5.0,200,2,12,6.0
635,26162,2003,5,2003-05-05,00:30:00,0,35.93,-87.28,35.93,-87.28,0.1,10,0,0,
636,26165,2003,5,2003-05-05,00:38:00,1,35.83,-86.93,35.87,-86.85,4.0,100,0,0,6.0
637,26169,2003,5,2003-05-05,08:50:00,0,35.22,-88.32,35.22,-88.32,0.8,50,0,0,3.0
638,26172,2003,5,2003-05-05,09:48:00,0,35.32,-87.28,35.32,-87.28,0.1,30,0,0,3.0
639,26174,2003,5,2003-05-05,13:55:00,0,36.08,-87.12,36.08,-87.12,0.1,10,0,0,
640,26176,2003,5,2003-05-06,22:25:00,0,36.48,-88.15,36.5,-88.13,1.0,75,0,0,4.0
641,26187,2003,5,2003-05-11,02:20:00,3,35.95,-86.98,35.95,-86.95,1.0,300,0,1,6.0
642,26191,2012,3,2012-03-02,15:48:00,1,36.0973,-87.1214,36.0977,-87.1101,0.63,100,0,0,5.0
643,26202,2012,4,2012-04-26,18:00:00,0,35.931,-86.8954,35.8859,-86.8619,3.77,100,0,6,5.0
644,26215,2005,11,2005-11-15,16:36:00,1,36.38,-87.42,36.38,-87.4,0.2,75,0,0,6.0
645,26220,2005,11,2005-11-15,16:37:00,0,36.4,-87.38,36.42,-87.38,0.1,50,0,0,
646,26223,2005,11,2005-11-15,16:44:00,2,36.48,-87.32,36.5,-87.3,1.0,400,0,0,5.0
647,26225,2005,11,2005-11-15,16:50:00,0,35.92,-88.12,35.92,-88.12,0.1,10,0,0,3.0
648,26226,2005,11,2005-11-15,16:55:00,1,35.98,-88.0,36.0,-87.95,2.0,100,0,0,5.0
649,26229,2005,11,2005-11-15,17:33:00,2,36.18,-87.43,36.18,-87.42,1.0,200,0,0,4.0
650,26231,2005,11,2005-11-15,17:40:00,0,36.22,-87.37,36.23,-87.33,0.1,50,0,0,
651,26232,2004,5,2004-05-30,23:45:00,1,35.1,-86.97,35.1,-86.97,0.3,50,0,0,4.0
652,26235,2005,11,2005-11-15,18:02:00,2,35.18,-87.75,35.25,-87.67,6.0,100,0,1,5.0
653,26237,2005,11,2005-11-15,18:05:00,0,36.4,-87.0,36.4,-87.0,0.1,20,0,0,
654,26240,2005,11,2005-11-15,18:15:00,0,36.2,-86.87,36.2,-86.87,0.1,20,0,0,3.0
655,26241,2005,11,2005-11-15,18:25:00,0,35.78,-87.02,35.78,-87.02,0.1,10,0,0,
656,26243,2005,11,2005-11-15,18:32:00,0,35.8,-87.0,35.8,-87.0,0.1,10,0,0,
657,26247,2004,6,2004-06-13,13:47:00,1,35.97,-88.05,35.97,-88.05,0.1,10,0,0,
658,26253,2004,10,2004-10-18,17:15:00,1,35.0,-87.38,35.02,-87.38,0.7,200,0,0,4.0
659,26257,2006,4,2006-04-02,20:56:00,1,36.03,-88.13,36.03,-88.13,0.2,20,0,0,4.0
660,26261,2006,4,2006-04-07,11:40:00,0,36.18,-88.15,36.18,-88.12,1.1,10,0,0,4.0
661,26264,2006,4,2006-04-07,12:05:00,0,36.17,-87.83,36.17,-87.83,0.2,20,0,0,4.0
662,26266,2006,4,2006-04-07,12:10:00,0,36.18,-87.75,36.18,-87.75,0.2,20,0,0,3.0
663,26267,2006,4,2006-04-07,12:30:00,3,36.28,-87.28,36.28,-87.07,18.8,880,0,0,7.0
664,26268,2013,1,2013-01-30,02:12:00,1,35.9676,-87.8028,35.9764,-87.7627,2.32,150,0,0,5.0
665,26269,2006,4,2006-04-07,12:34:00,2,35.8,-88.4,35.87,-88.3,9.0,100,0,5,6.0
666,26270,2013,1,2013-01-30,02:26:00,2,35.7771,-87.6505,35.7778,-87.5973,2.98,300,0,0,5.0
667,26271,2006,4,2006-04-07,12:40:00,1,35.43,-88.33,35.43,-88.28,3.5,100,0,0,4.0
668,26272,2013,1,2013-01-30,02:32:00,1,35.4324,-87.7834,35.5128,-87.5318,15.23,100,0,0,5.0
669,26273,2006,4,2006-04-07,12:53:00,2,35.88,-88.18,35.88,-88.02,6.0,50,0,0,5.0
670,26274,2006,4,2006-04-07,13:05:00,1,35.92,-87.92,35.93,-87.83,4.5,50,0,0,5.0
671,26275,2013,1,2013-01-30,02:45:00,0,36.0804,-87.2217,36.11,-87.0972,7.25,100,0,0,5.0
672,26276,2013,1,2013-01-30,02:52:00,0,36.2761,-87.0583,36.2785,-87.0553,0.24,75,0,1,4.0
673,26277,2013,1,2013-01-30,02:59:00,2,36.4389,-86.9095,36.4673,-86.8274,4.97,200,0,0,6.0
674,26278,2006,4,2006-04-07,13:43:00,0,35.58,-87.53,35.58,-87.53,0.3,100,0,0,
675,26279,2013,1,2013-01-30,03:00:00,0,36.3273,-86.915,36.3432,-86.8172,5.55,50,0,0,4.0
676,26280,2013,1,2013-01-30,03:01:00,0,35.8841,-87.1233,35.8866,-87.1071,0.92,75,0,0,5.0
677,26282,2013,3,2013-03-18,06:40:00,1,36.1859,-87.6281,36.2316,-87.4463,10.62,150,0,0,5.0
678,26284,2013,3,2013-03-18,10:22:00,0,35.4953,-86.9464,35.5082,-86.8824,3.7,50,0,0,4.0
679,26321,2006,9,2006-09-23,03:00:00,0,36.42,-87.2,36.42,-87.2,0.2,100,0,0,4.0
680,26340,2005,11,2005-11-15,14:35:00,2,36.25,-88.38,36.48,-88.15,20.0,200,0,13,7.0
681,26348,2007,10,2007-10-18,19:18:00,1,36.65,-88.04,36.65,-88.03,0.67,500,0,0,4.0
682,26352,2005,11,2005-11-15,15:35:00,1,36.12,-88.18,36.12,-88.13,1.0,100,0,0,4.0
683,26353,2005,11,2005-11-15,15:38:00,2,36.13,-88.1,36.15,-88.05,1.2,150,0,0,5.0
684,26354,2008,1,2008-01-10,14:55:00,2,35.32,-87.59,35.34,-87.57,1.29,400,0,0,5.0
685,26357,2005,11,2005-11-15,16:04:00,2,36.25,-87.78,36.27,-87.77,0.5,200,0,0,6.0
686,26358,2005,11,2005-11-15,16:10:00,0,36.3,-87.68,36.3,-87.68,0.2,100,0,0,3.0
687,26360,2005,11,2005-11-15,16:10:00,1,36.3,-87.68,36.3,-87.68,0.3,100,0,0,4.0
688,26363,2005,11,2005-11-15,16:35:00,1,36.35,-87.52,36.35,-87.52,0.2,75,0,0,5.0
689,26366,2008,2,2008-02-05,19:40:00,4,35.27,-88.29,35.38,-88.04,16.17,880,3,5,7.0
690,26367,2008,5,2008-05-02,23:00:00,1,36.39,-87.53,36.39,-87.53,0.2,30,0,0,4.0
691,26368,2008,5,2008-05-02,23:05:00,1,36.42,-87.51,36.43,-87.51,0.49,50,0,3,4.0
692,26370,2008,5,2008-05-02,23:10:00,1,36.5,-87.38,36.51,-87.37,0.29,50,0,0,5.0
693,26372,2008,5,2008-05-08,11:35:00,1,35.08,-87.49,35.11,-87.45,3.02,440,0,0,4.0
694,26374,2008,5,2008-05-08,12:45:00,0,35.14,-86.96,35.15,-86.94,0.85,50,0,0,
695,26380,1963,4,1963-04-29,22:00:00,2,35.03,-87.22,35.03,-87.13,5.1,50,0,0,4.0
696,26395,1984,5,1984-05-07,01:14:00,2,36.47,-86.95,36.48,-86.9,3.0,50,0,0,5.0
697,26398,1984,5,1984-05-07,12:06:00,3,36.28,-88.35,36.25,-88.25,6.0,100,0,36,6.0
698,26400,1964,3,1964-03-04,11:00:00,3,35.05,-88.27,35.38,-88.0,27.6,300,0,7,6.0
699,26402,1984,5,1984-05-07,13:00:00,1,35.6,-88.1,0.0,0.0,0.1,10,0,0,4.0
700,26404,1984,5,1984-05-07,13:00:00,1,36.42,-87.28,0.0,0.0,0.1,10,0,0,0.0
701,26405,1984,5,1984-05-07,13:20:00,1,36.08,-87.38,0.0,0.0,0.1,10,0,0,0.0
702,26408,1984,5,1984-05-07,13:25:00,0,36.43,-87.77,0.0,0.0,0.1,10,0,0,0.0
703,26411,1984,5,1984-05-07,13:30:00,0,36.4,-87.65,0.0,0.0,0.1,10,0,0,0.0
704,26414,1984,5,1984-05-07,14:25:00,1,35.6,-87.3,0.0,0.0,2.0,50,0,0,0.0
705,26420,2009,3,2009-03-28,16:38:00,1,36.3005,-87.0446,36.3619,-86.9684,5.0,100,0,0,5.0
706,26422,1965,3,1965-03-17,07:30:00,1,35.33,-87.02,0.0,0.0,0.1,10,0,0,5.0
707,26425,1965,3,1965-03-17,08:20:00,2,35.23,-87.33,0.0,0.0,2.0,50,0,0,5.0
708,26426,2009,4,2009-04-10,09:41:00,1,36.1321,-88.0207,36.1497,-87.9367,4.0,75,0,0,5.0
709,26429,1985,8,1985-08-16,14:00:00,3,35.23,-87.02,35.43,-87.02,12.0,500,0,1,5.0
710,26431,2009,4,2009-04-10,09:50:00,0,36.1696,-87.9154,36.1799,-87.8988,1.0,25,0,0,4.0
711,26434,1985,8,1985-08-16,15:30:00,2,35.33,-87.05,35.42,-87.05,5.0,60,0,0,3.0
712,26435,2009,4,2009-04-10,09:59:00,1,36.2017,-87.8132,36.2374,-87.606,12.0,300,0,0,5.0
713,26438,1985,8,1985-08-30,19:00:00,1,36.43,-87.2,0.0,0.0,2.0,30,0,0,2.0
714,26441,1986,2,1986-02-17,14:40:00,0,35.98,-87.12,0.0,0.0,0.7,13,0,0,5.0
715,26445,1966,7,1966-07-15,16:00:00,1,35.62,-87.05,0.0,0.0,0.1,10,0,1,4.0
716,26456,2009,5,2009-05-01,13:25:00,1,35.443,-87.5156,35.4461,-87.4278,4.5,150,0,2,5.0
717,26460,2009,5,2009-05-01,14:05:00,1,35.3556,-87.1614,35.3443,-87.1476,1.1,100,0,0,5.0
718,26499,2009,7,2009-07-30,18:52:00,0,35.7811,-88.3577,35.782,-88.3562,0.1,30,0,0,4.0
719,26505,1968,5,1968-05-14,16:15:00,1,36.03,-86.87,0.0,0.0,0.1,10,0,0,0.0
720,26509,1968,5,1968-05-25,18:40:00,1,36.28,-86.97,0.0,0.0,0.1,10,0,0,0.0
721,26512,2010,1,2010-01-24,15:40:00,0,36.5505,-86.9132,36.6001,-86.8964,3.6,50,0,0,4.0
722,26514,1968,5,1968-05-26,15:40:00,1,35.98,-87.13,0.0,0.0,0.1,10,0,0,0.0
723,26519,1969,1,1969-01-23,16:05:00,2,36.48,-88.03,0.0,0.0,0.1,10,0,0,5.0
724,26520,1988,11,1988-11-04,15:45:00,2,35.25,-87.83,35.42,-87.65,13.0,73,0,0,5.0
725,26521,2010,4,2010-04-24,15:26:00,1,35.684,-88.1386,35.882,-87.754,25.64,400,0,0,6.0
726,26524,2010,4,2010-04-24,17:15:00,1,35.6478,-87.5184,35.6674,-87.4962,1.84,100,0,0,4.0
727,26531,2010,5,2010-05-01,15:23:00,0,35.0963,-87.4329,35.1081,-87.3798,3.11,100,0,0,4.0
728,26542,2010,5,2010-05-02,03:13:00,0,35.4984,-88.2825,35.5445,-88.1985,5.7,100,0,0,5.0
729,26546,2010,5,2010-05-02,03:45:00,1,35.6989,-87.8503,35.7247,-87.731,6.93,250,0,0,5.0
730,26548,2010,5,2010-05-02,04:00:00,2,35.7911,-87.6977,35.8498,-87.5513,9.15,600,0,1,6.0
731,26552,2010,5,2010-05-02,04:17:00,2,35.8921,-87.5126,35.9101,-87.4467,3.89,250,0,0,5.0
732,26557,2010,5,2010-05-02,05:45:00,0,35.8374,-87.2672,35.8627,-87.2297,2.73,50,0,0,4.0
733,26558,1970,7,1970-07-03,18:50:00,1,36.53,-87.53,0.0,0.0,0.1,10,0,1,4.0
734,26566,1970,11,1970-11-19,21:45:00,1,35.85,-88.4,36.05,-88.33,14.3,250,0,1,4.0
735,26577,1971,3,1971-03-06,14:39:00,1,35.1,-87.33,35.17,-86.63,39.8,200,0,0,5.0
736,26586,1989,5,1989-05-22,19:37:00,2,35.05,-87.15,35.15,-87.0,9.0,100,1,2,5.0
737,26590,2011,2,2011-02-24,20:30:00,2,35.6643,-88.237,35.7282,-88.0345,12.19,400,0,0,6.0
738,26608,1971,5,1971-05-06,18:26:00,0,35.18,-87.47,0.0,0.0,0.1,10,0,0,0.0
739,26610,1971,5,1971-05-07,17:45:00,4,36.07,-88.78,35.88,-87.9,50.9,100,3,137,6.0
740,26611,2011,4,2011-04-04,12:19:00,1,36.0841,-87.8069,36.085,-87.755,2.9,75,0,0,5.0
741,26612,2008,2,2008-02-05,20:05:00,1,36.2,-88.08,36.22,-88.05,2.02,50,0,0,
742,26613,1990,5,1990-05-20,14:45:00,1,35.38,-87.28,0.0,0.0,1.5,40,0,0,4.0
743,26614,2011,4,2011-04-04,12:33:00,1,36.0952,-87.539,36.0845,-87.4099,7.25,150,0,0,5.0
744,26616,1971,5,1971-05-07,18:00:00,1,36.12,-88.48,36.03,-88.05,24.8,100,0,0,5.0
745,26617,2008,2,2008-02-05,20:07:00,2,36.25,-88.01,36.32,-87.92,6.56,440,0,0,7.0
746,26619,2011,4,2011-04-04,12:52:00,0,36.2514,-87.0721,36.2527,-87.0577,0.81,50,0,0,3.0
747,26620,2008,2,2008-02-05,20:10:00,1,35.38,-88.02,35.79,-87.38,31.59,200,0,0,6.0
748,26621,1971,5,1971-05-07,21:15:00,0,36.38,-87.35,0.0,0.0,0.1,10,0,0,0.0
749,26626,1971,7,1971-07-15,02:35:00,2,36.38,-88.43,36.28,-88.2,14.7,100,0,8,5.0
750,26629,2008,2,2008-02-05,20:20:00,1,35.46,-87.9,35.48,-87.89,1.37,50,0,0,
751,26636,2008,2,2008-02-05,20:40:00,2,35.8,-87.29,36.04,-86.94,25.32,300,0,1,6.0
752,26637,1972,4,1972-04-07,16:30:00,2,36.3,-87.07,36.17,-86.67,23.2,200,0,15,5.0
753,26638,2008,2,2008-02-05,23:41:00,0,35.81,-87.82,0.0,0.0,0.1,20,0,0,
754,26639,2008,2,2008-02-05,23:51:00,0,35.87,-87.66,0.0,0.0,0.1,20,0,0,
755,26641,2008,2,2008-02-06,00:32:00,0,36.01,-87.32,0.0,0.0,0.1,20,0,0,
756,26642,1972,4,1972-04-21,15:15:00,1,35.93,-86.87,0.0,0.0,1.5,50,0,3,5.0
757,26646,2008,2,2008-02-06,00:44:00,0,36.21,-86.95,0.0,0.0,0.1,20,0,0,
758,26647,2008,2,2008-02-06,01:45:00,0,35.89,-87.05,35.91,-87.04,1.6,300,0,0,
759,26648,2008,4,2008-04-11,10:00:00,1,36.12,-87.33,36.14,-87.31,1.6,20,0,0,5.0
760,26649,2008,4,2008-04-11,11:05:00,3,35.27,-87.4,35.32,-87.23,10.34,100,0,1,6.0
761,26650,2008,4,2008-04-11,11:20:00,3,35.33,-87.2,35.36,-87.12,4.71,100,0,0,6.0
762,26651,2008,4,2008-04-11,11:40:00,0,35.45,-86.89,0.0,0.0,0.1,10,0,0,3.0
763,26654,2008,5,2008-05-02,22:57:00,1,36.38,-87.54,36.38,-87.53,0.71,50,0,0,3.0
764,26657,1991,3,1991-03-22,17:00:00,2,36.23,-88.08,36.23,-87.97,7.0,150,0,0,6.0
765,26659,1951,11,1951-11-14,22:00:00,2,35.22,-87.03,0.0,0.0,0.2,10,0,0,4.0
766,26661,1991,3,1991-03-22,17:25:00,1,35.22,-88.32,0.0,0.0,1.0,50,0,0,4.0
767,26662,1952,2,1952-02-13,17:00:00,2,36.0,-88.12,0.0,0.0,0.3,300,0,0,4.0
768,26665,1991,3,1991-03-22,17:30:00,1,35.38,-88.02,0.0,0.0,1.0,50,0,0,5.0
769,26666,1952,2,1952-02-13,19:45:00,1,36.05,-87.03,0.0,0.0,0.3,200,0,0,4.0
770,26668,1991,3,1991-03-22,18:05:00,2,35.48,-87.63,35.55,-87.57,5.0,50,1,14,7.0
771,26669,1952,3,1952-03-21,23:17:00,3,36.02,-88.27,36.07,-88.2,5.1,177,0,19,5.0
772,26673,1952,3,1952-03-21,23:55:00,2,35.85,-87.68,0.0,0.0,0.3,500,0,0,4.0
773,26675,1952,3,1952-03-22,00:20:00,2,35.87,-87.58,0.0,0.0,0.5,40,3,10,4.0
774,26679,1974,4,1974-04-01,18:45:00,1,36.08,-87.4,0.0,0.0,2.0,200,0,0,5.0
775,26686,1992,5,1992-05-12,18:00:00,0,36.08,-87.78,0.0,0.0,1.0,23,0,0,5.0
776,26687,1974,4,1974-04-03,15:00:00,1,36.48,-86.97,36.52,-86.9,4.3,27,0,0,4.0
777,26690,1992,5,1992-05-12,20:19:00,0,35.55,-87.63,0.0,0.0,0.5,10,0,0,2.0
778,26700,1974,4,1974-04-03,16:30:00,1,35.6,-86.93,35.67,-86.82,7.9,100,0,0,4.0
779,26704,1954,4,1954-04-28,19:15:00,2,35.18,-88.25,0.0,0.0,2.0,300,0,4,5.0
780,26714,1955,3,1955-03-20,19:20:00,1,35.12,-87.1,0.0,0.0,0.1,10,0,2,3.0
781,26717,1955,3,1955-03-21,14:00:00,1,35.17,-87.32,0.0,0.0,0.1,10,0,0,3.0
782,26742,1956,2,1956-02-17,20:00:00,3,35.15,-87.3,35.15,-87.12,10.4,1760,0,0,4.0
783,26761,1975,3,1975-03-12,10:30:00,1,35.13,-87.53,35.23,-87.35,12.4,400,0,3,5.0
784,26770,1994,4,1994-04-27,13:40:00,0,35.23,-87.4,0.0,0.0,0.1,10,0,0,2.0
785,26800,1994,6,1994-06-26,20:00:00,3,35.15,-87.95,34.95,-87.38,38.0,880,0,22,5.0
786,26807,1972,4,1972-04-21,20:05:00,3,35.13,-87.53,35.37,-87.03,32.3,200,0,10,5.0
787,26808,1994,6,1994-06-26,22:00:00,1,35.43,-87.72,35.45,-87.65,5.0,50,0,0,4.0
788,26817,1957,11,1957-11-08,02:00:00,2,35.2,-87.02,35.25,-86.97,4.7,133,0,0,3.0
789,26821,1972,7,1972-07-02,19:20:00,0,35.23,-88.23,0.0,0.0,0.1,10,0,0,0.0
790,26822,1994,11,1994-11-27,16:35:00,0,36.6,-87.82,0.0,0.0,2.0,50,0,0,4.0
791,26823,1957,11,1957-11-18,04:00:00,1,36.47,-87.58,0.0,0.0,0.1,10,0,0,3.0
792,26834,1995,5,1995-05-18,10:58:00,1,36.12,-87.22,0.0,0.0,1.0,50,0,0,0.0
793,26839,1973,5,1973-05-22,19:15:00,1,36.53,-87.33,0.0,0.0,0.1,10,0,0,0.0
794,26852,1958,2,1958-02-06,16:30:00,1,35.25,-87.33,0.0,0.0,1.0,67,0,0,3.0
795,26857,1958,2,1958-02-26,23:10:00,3,35.23,-88.25,0.0,0.0,0.1,10,0,0,5.0
796,26858,1978,1,1978-01-07,18:40:00,1,35.23,-88.25,0.0,0.0,1.0,100,0,0,5.0
797,26859,1995,5,1995-05-18,15:30:00,0,35.25,-87.67,0.0,0.0,0.5,10,0,0,3.0
798,26862,1978,4,1978-04-18,03:45:00,1,35.2,-87.3,0.0,0.0,0.5,440,0,0,5.0
799,26864,1995,5,1995-05-18,15:52:00,4,35.0,-87.48,35.35,-87.17,29.0,1000,3,32,6.0
800,26873,1995,5,1995-05-18,16:47:00,0,35.33,-87.2,35.33,-87.13,3.0,50,0,1,5.0
801,26874,1995,5,1995-05-18,16:50:00,0,36.42,-87.2,0.0,0.0,0.5,10,0,0,3.0
802,26878,1995,5,1995-05-18,17:15:00,0,36.42,-86.98,0.0,0.0,0.5,10,0,0,3.0
803,26901,1979,4,1979-04-11,23:00:00,0,36.07,-87.37,0.0,0.0,0.3,33,0,0,3.0
804,26914,1996,4,1996-04-20,05:45:00,2,35.43,-87.38,35.43,-87.38,0.5,200,0,12,6.0
805,26916,1996,4,1996-04-20,05:50:00,2,35.43,-87.3,35.38,-87.23,1.0,440,0,0,
806,26920,1996,4,1996-04-20,05:56:00,2,35.38,-87.23,35.38,-86.92,1.0,440,0,0,
807,26921,1996,4,1996-04-20,06:03:00,2,35.38,-86.92,35.35,-86.85,1.5,440,0,0,
808,26933,1981,6,1981-06-06,05:50:00,0,36.0,-87.95,0.0,0.0,0.1,20,0,0,4.0
809,26937,1981,6,1981-06-06,06:20:00,0,36.15,-87.65,0.0,0.0,0.1,20,0,0,4.0
810,26949,1961,4,1961-04-25,18:15:00,2,36.43,-87.48,36.47,-87.32,9.4,187,0,2,4.0
811,26957,1996,9,1996-09-27,05:15:00,1,35.2,-87.32,35.22,-87.28,2.8,133,0,0,5.0
812,26958,1997,3,1997-03-01,01:25:00,2,35.43,-87.52,35.47,-87.45,3.9,440,0,0,5.0
813,26959,1997,3,1997-03-01,01:32:00,2,35.4,-87.67,35.4,-87.52,7.8,440,0,2,5.0
814,26961,1997,3,1997-03-28,20:17:00,0,35.05,-88.25,35.05,-88.25,0.1,10,0,0,
815,26966,1997,6,1997-06-17,18:13:00,1,36.63,-87.47,36.67,-87.43,1.7,30,0,2,5.0
816,26969,1982,4,1982-04-17,03:45:00,1,35.38,-86.93,0.0,0.0,0.8,30,0,0,4.0
817,26989,1983,11,1983-11-23,09:30:00,1,35.98,-87.77,0.0,0.0,1.0,73,0,0,4.0
818,26990,1963,1,1963-01-10,23:55:00,3,35.75,-86.93,35.78,-86.87,4.0,400,0,4,6.0
819,26992,1963,3,1963-03-11,15:10:00,2,35.25,-87.43,35.33,-87.28,10.3,300,0,1,5.0
820,26993,1984,3,1984-03-15,20:20:00,1,36.18,-87.33,0.0,0.0,0.1,10,0,0,5.0
821,26994,1963,3,1963-03-11,17:00:00,2,35.1,-87.73,35.2,-87.23,29.1,100,0,5,5.0
822,27003,1990,5,1990-05-27,14:30:00,0,36.08,-88.92,0.0,0.0,0.8,17,0,0,2.0
823,27006,1979,5,1979-05-03,16:10:00,1,35.9,-89.4,0.0,0.0,0.5,50,0,0,3.0
824,27007,1979,5,1979-05-03,16:26:00,1,35.95,-89.33,0.0,0.0,0.5,30,0,0,3.0
825,27009,1979,5,1979-05-03,16:50:00,2,35.88,-89.23,35.92,-89.07,9.4,73,0,5,4.0
826,27010,1990,6,1990-06-09,15:43:00,0,35.6,-88.92,0.0,0.0,0.1,20,0,0,0.0
827,27015,1990,7,1990-07-10,16:00:00,0,36.38,-89.35,0.0,0.0,0.5,20,0,0,3.0
828,27019,2010,6,2010-06-25,14:57:00,0,35.2816,-89.0302,35.2768,-89.02,0.67,50,0,0,4.0
829,27022,1990,10,1990-10-04,01:00:00,1,35.62,-88.83,0.0,0.0,2.0,40,0,0,5.0
830,27023,1980,10,1980-10-17,15:13:00,1,35.17,-88.58,0.0,0.0,0.5,40,0,0,5.0
831,27026,1980,10,1980-10-17,15:13:00,1,35.17,-88.57,35.18,-88.53,3.0,80,0,0,4.0
832,27027,1991,3,1991-03-22,16:35:00,3,35.05,-88.72,35.23,-88.4,22.0,200,4,45,7.0
833,27029,1991,4,1991-04-09,10:00:00,0,35.62,-88.88,0.0,0.0,0.3,10,0,0,3.0
834,27030,2010,11,2010-11-25,14:30:00,0,35.8464,-88.867,35.8481,-88.8563,0.61,200,0,0,5.0
835,27039,1981,6,1981-06-06,04:15:00,0,35.63,-88.88,0.0,0.0,0.5,50,0,0,5.0
836,27041,1981,6,1981-06-06,04:50:00,1,35.77,-88.47,0.0,0.0,2.0,100,0,0,4.0
837,27047,1991,6,1991-06-15,19:50:00,0,36.15,-89.38,0.0,0.0,0.2,10,0,0,3.0
838,27055,1981,10,1981-10-17,19:00:00,2,35.25,-89.1,0.0,0.0,1.5,33,0,0,4.0
839,27060,1992,6,1992-06-25,18:15:00,0,35.62,-89.12,35.62,-89.07,3.0,50,0,0,3.0
840,27065,1992,11,1992-11-22,03:50:00,1,35.27,-89.0,35.35,-88.97,16.0,73,1,3,4.0
841,27066,1982,4,1982-04-02,19:20:00,3,36.03,-89.38,36.03,-89.25,8.0,77,0,1,6.0
842,27068,1982,4,1982-04-02,19:58:00,2,36.22,-89.07,36.37,-88.9,11.5,77,0,0,5.0
843,27070,1982,4,1982-04-02,22:23:00,0,36.42,-89.05,0.0,0.0,0.3,50,0,0,5.0
844,27079,1993,8,1993-08-05,19:07:00,0,35.33,-89.12,0.0,0.0,1.0,100,0,0,3.0
845,27104,1994,6,1994-06-09,12:40:00,0,35.23,-89.52,0.0,0.0,0.5,10,0,0,3.0
846,27105,1994,6,1994-06-09,13:48:00,0,36.23,-88.83,0.0,0.0,1.0,10,0,0,2.0
847,27108,1984,4,1984-04-21,20:00:00,1,35.15,-89.15,0.0,0.0,1.0,50,0,0,5.0
848,27109,1994,6,1994-06-26,15:15:00,0,36.2,-89.1,0.0,0.0,0.5,23,0,0,3.0
849,27111,1994,6,1994-06-26,16:17:00,1,36.13,-88.98,36.18,-88.92,4.0,50,0,0,5.0
850,27113,1984,5,1984-05-07,12:00:00,1,35.62,-88.83,0.0,0.0,0.2,30,0,2,4.0
851,27115,1994,6,1994-06-26,18:05:00,0,35.28,-89.27,0.0,0.0,2.0,10,0,0,3.0
852,27116,1984,5,1984-05-07,12:05:00,1,36.13,-88.52,0.0,0.0,1.0,50,0,0,5.0
853,27117,1994,6,1994-06-26,18:10:00,0,35.42,-89.3,0.0,0.0,1.0,10,0,0,3.0
854,27119,1984,7,1984-07-26,19:40:00,1,36.23,-88.9,0.0,0.0,0.6,30,0,0,4.0
855,27120,1994,6,1994-06-26,18:30:00,0,35.33,-89.15,0.0,0.0,2.0,23,0,0,2.0
856,27121,1984,10,1984-10-16,19:05:00,1,36.02,-88.63,0.0,0.0,0.5,50,1,2,6.0
857,27123,1994,6,1994-06-26,18:32:00,0,35.28,-89.27,0.0,0.0,0.5,10,0,0,2.0
858,27126,1994,6,1994-06-26,20:35:00,0,35.07,-89.42,0.0,0.0,2.0,20,0,0,2.0
859,27127,1984,11,1984-11-01,15:56:00,0,36.37,-88.42,0.0,0.0,0.5,27,0,0,0.0
860,27132,1994,11,1994-11-27,14:30:00,3,35.77,-89.47,35.87,-89.17,16.0,100,1,3,5.0
861,27135,1994,11,1994-11-27,15:05:00,3,36.42,-88.73,36.48,-88.65,6.0,300,0,2,6.0
862,27138,1995,3,1995-03-06,20:30:00,0,35.65,-88.4,0.0,0.0,0.5,50,0,0,5.0
863,27143,1995,4,1995-04-19,21:45:00,0,36.27,-89.48,0.0,0.0,0.1,10,0,0,3.0
864,27147,1985,4,1985-04-30,17:30:00,2,35.53,-89.45,35.52,-89.3,8.0,150,0,0,2.0
865,27155,1985,11,1985-11-27,14:15:00,1,35.48,-88.55,0.0,0.0,2.2,50,0,0,5.0
866,27156,2003,5,2003-05-08,12:20:00,1,35.92,-88.9,35.97,-88.95,4.0,100,0,0,4.0
867,27157,1986,3,1986-03-12,00:10:00,0,36.32,-88.48,0.0,0.0,0.3,17,0,0,4.0
868,27187,1995,5,1995-05-18,12:55:00,2,36.43,-89.47,36.55,-89.18,24.0,150,0,0,5.0
869,27192,1995,5,1995-05-18,12:55:00,0,35.22,-89.43,0.0,0.0,1.0,10,0,0,3.0
870,27196,1995,5,1995-05-18,12:55:00,0,35.35,-88.88,35.38,-88.72,8.0,50,0,0,3.0
871,27198,1995,5,1995-05-18,13:55:00,0,35.65,-88.4,0.0,0.0,0.5,10,0,0,3.0
872,27199,1988,1,1988-01-19,11:30:00,2,35.65,-89.22,35.68,-89.17,3.0,60,1,6,5.0
873,27201,1988,1,1988-01-19,11:52:00,3,35.07,-89.45,35.97,-88.05,22.0,200,3,24,6.0
874,27202,1995,6,1995-06-06,13:45:00,0,36.08,-88.77,0.0,0.0,0.5,10,0,0,4.0
875,27203,1988,1,1988-01-19,11:58:00,2,35.82,-88.9,35.85,-88.82,4.0,60,1,0,5.0
876,27206,1988,1,1988-01-19,13:05:00,1,36.07,-88.5,0.0,0.0,1.5,30,0,0,4.0
877,27208,1995,10,1995-10-27,03:15:00,0,35.2,-89.52,35.17,-89.38,8.0,50,0,0,4.0
878,27211,1996,1,1996-01-18,08:55:00,0,36.17,-89.48,36.17,-89.48,0.3,25,0,0,4.0
879,27213,1988,5,1988-05-03,17:10:00,0,36.22,-88.85,0.0,0.0,1.5,50,0,0,4.0
880,27217,1988,11,1988-11-04,15:40:00,1,35.73,-88.68,35.8,-88.57,6.0,50,0,0,3.0
881,27222,1988,11,1988-11-19,21:00:00,2,35.42,-88.9,35.52,-88.73,12.0,90,0,1,5.0
882,27225,2011,4,2011-04-25,22:45:00,1,36.3961,-88.8048,36.5434,-88.6031,15.39,225,0,0,5.0
883,27227,2006,4,2006-04-02,18:32:00,3,36.12,-89.52,36.13,-89.2,18.0,880,16,70,7.0
884,27229,2006,4,2006-04-02,19:09:00,3,36.07,-89.03,36.07,-88.48,31.0,880,6,44,7.0
885,27230,2006,4,2006-04-02,19:43:00,3,36.18,-89.05,36.13,-88.97,8.0,880,2,6,7.0
886,27233,2006,4,2006-04-02,20:45:00,1,35.35,-89.52,35.35,-89.52,0.5,30,0,2,5.0
887,27235,2006,4,2006-04-02,21:25:00,2,35.6,-89.3,35.6,-89.28,0.8,30,0,0,5.0
888,27238,2011,4,2011-04-25,22:47:00,0,35.7116,-88.5085,35.8389,-88.2494,16.98,200,0,0,4.0
889,27242,2011,4,2011-04-26,19:27:00,0,35.3815,-88.9926,35.3878,-88.9677,1.47,150,0,0,4.0
890,27245,2011,4,2011-04-26,19:54:00,0,35.4285,-88.5879,35.4909,-88.4633,8.23,25,0,0,5.0
891,27304,2004,10,2004-10-18,19:50:00,1,36.05,-89.4,36.03,-89.38,0.5,100,0,1,6.0
892,27305,2004,10,2004-10-18,20:12:00,1,36.3,-88.48,36.3,-88.32,8.3,300,0,1,6.0
893,27307,2004,10,2004-10-19,14:15:00,0,35.6,-88.9,35.6,-88.9,0.5,25,0,0,3.0
894,27332,1973,4,1973-04-19,12:35:00,1,36.0,-89.58,0.0,0.0,0.1,50,0,1,4.0
895,27351,2012,4,2012-04-26,17:44:00,2,35.3789,-88.708,35.357,-88.6878,1.89,200,0,1,5.0
896,27352,2006,9,2006-09-22,19:05:00,1,35.67,-88.83,35.7,-88.83,3.0,25,0,0,4.0
897,27358,2005,7,2005-07-22,17:30:00,0,36.23,-89.48,36.23,-89.48,0.1,25,0,0,4.0
898,27370,1973,5,1973-05-23,22:30:00,2,36.33,-89.12,36.43,-89.0,9.5,100,0,0,5.0
899,27371,1989,6,1989-06-04,19:15:00,0,35.38,-89.6,0.0,0.0,0.9,17,0,0,2.0
900,27375,1989,6,1989-06-04,19:45:00,1,35.43,-89.4,0.0,0.0,1.5,33,0,2,3.0
901,27376,2005,11,2005-11-15,13:20:00,1,35.97,-89.17,36.07,-89.0,15.0,300,0,0,6.0
902,27377,1973,5,1973-05-27,03:36:00,1,36.02,-88.43,0.0,0.0,0.1,10,0,0,3.0
903,27380,1989,6,1989-06-11,19:36:00,1,35.22,-89.3,0.0,0.0,1.0,50,0,0,4.0
904,27392,2005,11,2005-11-15,13:55:00,1,36.15,-88.98,36.25,-88.92,2.0,150,0,0,5.0
905,27396,2008,1,2008-01-08,14:58:00,1,35.91,-89.46,35.96,-89.34,7.81,25,0,0,5.0
906,27397,1989,11,1989-11-15,12:30:00,1,35.67,-89.62,35.73,-89.57,4.0,73,0,0,4.0
907,27399,1989,11,1989-11-15,12:55:00,2,35.97,-88.97,35.98,-88.87,5.0,80,0,0,4.0
908,27406,2008,2,2008-02-05,17:18:00,0,35.47,-89.59,35.47,-89.58,0.17,50,0,0,4.0
909,27407,1990,4,1990-04-28,13:00:00,1,35.35,-88.82,0.0,0.0,2.0,50,0,0,5.0
910,27412,2008,2,2008-02-05,17:23:00,1,35.5,-89.55,35.5,-89.54,0.73,50,0,0,5.0
911,27418,2008,2,2008-02-05,17:32:00,1,35.58,-89.52,35.58,-89.52,0.29,50,0,0,4.0
912,27419,2008,2,2008-02-05,17:55:00,1,36.42,-88.53,36.47,-88.46,5.09,150,0,0,5.0
913,27430,2008,2,2008-02-05,18:21:00,3,35.37,-89.37,35.65,-88.94,31.13,600,3,14,7.0
914,27436,2008,2,2008-02-05,18:59:00,4,35.68,-88.86,35.73,-88.75,7.61,125,0,51,8.0
915,27439,2008,2,2008-02-05,19:13:00,1,35.07,-88.61,35.15,-88.49,8.95,150,0,0,5.0
916,27441,1973,11,1973-11-26,07:05:00,2,36.17,-88.8,0.0,0.0,0.5,27,0,0,4.0
917,27442,1973,11,1973-11-27,13:25:00,2,35.42,-89.5,35.58,-89.32,15.4,440,0,1,5.0
918,27444,2008,2,2008-02-05,19:13:00,2,35.77,-88.69,35.77,-88.68,0.38,150,0,0,5.0
919,27451,2013,4,2013-04-27,20:13:00,1,35.3746,-89.4956,35.3762,-89.4758,1.12,250,0,1,5.0
920,27476,2013,10,2013-10-05,17:52:00,0,36.2344,-89.2485,36.2365,-89.2464,0.18,25,0,0,
921,27490,1996,11,1996-11-07,10:45:00,0,35.57,-88.65,35.55,-88.53,7.0,25,0,0,4.0
922,27495,1997,3,1997-03-01,05:45:00,2,35.07,-88.63,35.18,-88.6,5.0,200,0,0,5.0
923,27500,1997,3,1997-03-01,16:02:00,2,35.77,-89.15,35.82,-89.08,5.0,100,0,0,4.0
924,27505,1997,3,1997-03-01,16:07:00,2,35.82,-88.93,35.97,-88.7,15.0,100,0,0,4.0
925,27507,1997,3,1997-03-01,16:40:00,2,35.97,-88.67,36.13,-88.52,10.0,100,0,0,6.0
926,27510,1997,3,1997-03-01,19:00:00,4,35.95,-89.67,36.12,-89.18,15.0,200,1,15,6.0
927,27516,1997,3,1997-03-01,19:30:00,4,36.1,-89.17,36.13,-88.95,10.0,200,0,0,5.0
928,27518,1975,3,1975-03-22,03:32:00,1,35.63,-88.75,0.0,0.0,2.0,150,0,18,5.0
929,27522,1997,3,1997-03-28,19:05:00,0,35.23,-88.62,35.23,-88.62,0.1,10,0,0,3.0
930,27533,1997,5,1997-05-26,19:15:00,0,35.67,-89.27,35.67,-89.27,0.5,23,0,0,
931,27534,1975,4,1975-04-18,22:30:00,1,35.62,-88.8,35.67,-88.7,6.6,440,1,6,6.0
932,27538,1975,4,1975-04-24,10:45:00,1,36.37,-88.85,0.0,0.0,0.5,200,0,1,4.0
933,27541,1975,4,1975-04-25,01:20:00,1,35.8,-89.25,35.82,-89.07,10.3,440,0,6,5.0
934,27559,1975,11,1975-11-10,01:00:00,1,36.0,-89.5,0.0,0.0,0.1,23,0,0,4.0
935,27575,1976,3,1976-03-29,19:53:00,1,35.77,-89.2,0.0,0.0,0.7,200,0,0,0.0
936,27587,1998,4,1998-04-16,03:00:00,3,36.03,-89.32,36.03,-89.25,4.0,100,2,3,5.0
937,27590,1998,4,1998-04-16,03:20:00,2,35.82,-89.23,35.87,-89.17,5.0,100,0,2,5.0
938,27593,1998,4,1998-04-16,15:33:00,0,35.43,-88.67,35.43,-88.67,1.0,30,0,0,3.0
939,27599,2009,7,2009-07-30,16:01:00,0,35.6394,-89.5335,35.6396,-89.5309,0.14,50,0,0,3.0
940,27601,2009,7,2009-07-30,18:40:00,1,35.6113,-88.5007,35.6471,-88.4514,3.71,100,0,0,4.0
941,27614,2001,5,2001-05-31,14:50:00,1,35.07,-88.63,35.1,-88.55,5.0,200,0,0,5.0
942,27621,2001,6,2001-06-27,11:58:00,0,36.03,-89.43,36.03,-89.43,0.3,100,0,0,
943,27623,2001,6,2001-06-27,12:15:00,0,35.95,-89.45,35.95,-89.45,0.3,100,0,0,
944,27630,2010,5,2010-05-02,01:14:00,0,35.7736,-88.9905,35.7739,-88.9903,0.02,25,0,0,3.0
945,27633,2010,5,2010-05-02,01:20:00,2,35.8088,-88.9066,35.8309,-88.8596,3.04,200,0,0,5.0
946,27636,2010,5,2010-05-02,02:20:00,0,35.0787,-88.7365,35.0803,-88.7345,0.16,50,0,0,4.0
947,27639,2010,5,2010-05-02,02:24:00,2,35.1184,-88.6892,35.3729,-88.3563,25.74,880,0,12,7.0
948,27641,1998,11,1998-11-10,07:55:00,1,35.3,-89.28,35.37,-89.22,5.5,1000,0,0,5.0
949,27644,1999,1,1999-01-17,17:55:00,2,35.87,-89.43,35.87,-89.37,3.5,0,0,11,6.0
950,27646,1999,1,1999-01-17,18:09:00,3,35.77,-89.12,35.82,-89.0,10.0,0,0,4,6.0
951,27648,1999,1,1999-01-17,18:15:00,3,35.42,-89.18,35.62,-88.85,22.0,300,0,2,7.0
952,27651,1999,1,1999-01-17,18:25:00,4,35.58,-88.88,35.63,-88.68,16.0,500,6,106,7.0
953,27653,1999,1,1999-01-17,18:35:00,1,35.02,-89.18,35.07,-88.97,12.0,350,1,4,5.0
954,27656,1999,1,1999-01-17,19:05:00,1,35.97,-88.67,35.98,-88.55,10.0,0,1,1,6.0
955,27666,1999,1,1999-01-21,23:28:00,0,36.38,-89.48,36.38,-89.48,0.1,10,0,0,
956,27669,2002,4,2002-04-28,01:40:00,1,36.38,-89.5,36.4,-89.45,3.5,75,0,0,6.0
957,27674,1999,1,1999-01-22,11:25:00,0,35.43,-88.67,35.43,-88.67,0.1,10,0,0,
958,27676,1999,1,1999-01-22,12:05:00,0,35.05,-88.82,35.05,-88.82,0.1,10,0,0,
959,27719,1977,11,1977-11-21,01:35:00,1,35.8,-88.88,0.0,0.0,0.2,440,0,0,4.0
960,27722,1977,11,1977-11-21,02:15:00,0,35.27,-89.0,0.0,0.0,0.1,10,0,2,4.0
961,27723,2002,11,2002-11-09,22:15:00,2,35.73,-89.05,35.75,-89.05,4.0,220,0,0,6.0
962,27725,1977,12,1977-12-04,20:50:00,1,36.0,-88.42,0.0,0.0,0.1,10,0,1,5.0
963,27726,1977,12,1977-12-04,23:45:00,0,36.35,-88.85,0.0,0.0,0.1,10,0,3,5.0
964,27729,1978,3,1978-03-13,19:12:00,0,36.47,-89.42,0.0,0.0,0.1,10,0,0,4.0
965,27731,2002,11,2002-11-09,22:26:00,2,35.87,-88.57,35.95,-88.53,10.0,220,2,6,5.0
966,27735,1978,4,1978-04-17,23:30:00,0,36.03,-89.38,0.0,0.0,0.2,220,0,0,4.0
967,27737,1950,2,1950-02-13,02:00:00,2,35.75,-89.48,0.0,0.0,0.2,10,9,1,4.0
968,27743,2002,11,2002-11-10,00:10:00,1,35.67,-88.9,35.63,-88.85,4.0,220,0,0,6.0
969,27752,2002,11,2002-11-10,17:40:00,0,35.85,-88.67,35.85,-88.67,0.3,33,0,0,4.0
970,27754,2002,11,2002-11-10,17:55:00,0,35.47,-88.88,35.47,-88.88,0.3,66,0,0,4.0
971,27760,1952,3,1952-03-21,18:00:00,4,36.02,-89.2,36.08,-89.18,4.7,200,2,10,5.0
972,27765,1952,3,1952-03-21,20:30:00,4,36.1,-89.27,0.0,0.0,2.0,200,4,5,5.0
973,27769,1952,3,1952-03-21,20:30:00,3,35.95,-89.43,36.13,-89.2,18.1,1000,10,30,5.0
974,27776,1952,3,1952-03-21,22:45:00,2,35.8,-88.78,0.0,0.0,0.1,150,2,2,4.0
975,27777,2003,5,2003-05-04,19:45:00,0,36.03,-89.37,36.05,-89.35,1.0,100,0,0,4.0
976,27778,1952,3,1952-03-21,22:50:00,3,35.85,-88.67,0.0,0.0,0.1,100,0,3,5.0
977,27780,1952,3,1952-03-21,23:00:00,2,35.93,-88.5,0.0,0.0,0.1,150,1,8,5.0
978,27782,1952,3,1952-03-21,23:30:00,4,35.27,-88.98,35.63,-88.28,46.8,177,38,157,6.0
979,27783,2003,5,2003-05-04,20:20:00,1,36.1,-89.27,36.12,-89.25,2.0,200,0,0,4.0
980,27784,2003,5,2003-05-04,20:25:00,1,35.87,-89.07,35.98,-88.95,8.0,100,0,0,5.0
981,27786,1953,3,1953-03-14,17:45:00,2,35.47,-89.45,35.67,-89.08,24.8,33,0,8,4.0
982,27787,2003,5,2003-05-04,20:30:00,1,36.02,-89.52,36.05,-89.45,4.0,150,0,0,5.0
983,27789,2003,5,2003-05-04,20:35:00,2,36.35,-88.85,36.35,-88.85,4.0,250,0,0,6.0
984,27792,1953,3,1953-03-14,18:00:00,2,35.37,-88.78,35.57,-88.43,24.0,100,0,2,4.0
985,27795,1961,5,1961-05-08,17:21:00,2,35.33,-88.67,35.38,-88.37,17.2,300,0,0,5.0
986,27798,1953,3,1953-03-14,18:30:00,1,36.08,-89.38,0.0,0.0,0.2,10,0,0,4.0
987,27799,1953,3,1953-03-14,19:00:00,1,35.75,-89.53,0.0,0.0,0.2,10,0,0,4.0
988,27802,1953,3,1953-03-14,19:30:00,3,35.53,-88.97,35.75,-88.62,24.7,100,0,3,4.0
989,27804,2003,5,2003-05-04,21:40:00,0,36.07,-89.18,36.18,-89.05,12.0,75,0,0,4.0
990,27806,2003,5,2003-05-04,21:50:00,1,35.8,-88.77,35.87,-88.77,5.0,100,0,0,5.0
991,27809,2003,5,2003-05-04,22:00:00,2,36.0,-89.42,36.12,-89.27,15.0,200,0,10,7.0
992,27811,1962,2,1962-02-23,15:00:00,1,35.38,-88.63,35.48,-88.42,14.0,300,0,0,5.0
993,27812,1953,3,1953-03-14,21:15:00,2,36.33,-88.77,0.0,0.0,0.3,600,0,1,4.0
994,27813,1953,3,1953-03-22,15:15:00,2,35.93,-89.65,36.15,-89.18,30.1,100,0,0,5.0
995,27819,1953,4,1953-04-15,18:30:00,1,35.58,-89.28,0.0,0.0,0.5,200,0,8,4.0
996,27823,1953,4,1953-04-15,18:45:00,1,35.67,-88.38,0.0,0.0,1.0,300,0,1,4.0
997,27825,1953,4,1953-04-15,18:45:00,1,35.62,-88.83,0.0,0.0,1.5,300,0,2,5.0
998,27830,1953,4,1953-04-15,19:00:00,1,36.33,-88.75,0.0,0.0,0.5,150,0,1,4.0
999,27832,1963,4,1963-04-29,18:10:00,3,35.82,-89.22,35.83,-89.05,9.3,300,3,6,5.0
1000,27847,1954,5,1954-05-03,09:45:00,2,36.4,-89.07,36.43,-89.02,3.6,300,0,0,3.0
1001,27862,1965,2,1965-02-11,13:00:00,2,35.08,-89.53,0.0,0.0,0.1,10,0,0,4.0
1002,27873,1967,5,1967-05-06,22:15:00,2,35.88,-89.38,35.9,-89.33,3.0,33,0,2,5.0
1003,27875,1967,5,1967-05-06,22:45:00,1,35.9,-88.95,0.0,0.0,0.1,10,0,1,5.0
1004,27879,1967,5,1967-05-15,17:18:00,1,36.35,-88.85,0.0,0.0,0.1,10,0,0,0.0
1005,27882,2003,5,2003-05-04,22:20:00,1,36.22,-88.62,36.22,-88.62,3.0,100,0,0,4.0
1006,27884,1956,4,1956-04-03,16:45:00,4,35.58,-88.47,35.7,-88.32,11.6,100,3,60,6.0
1007,27885,2003,5,2003-05-04,22:35:00,4,35.52,-89.03,35.65,-88.35,39.0,880,11,86,7.0
1008,27886,2003,5,2003-05-04,22:43:00,3,35.48,-88.93,35.58,-88.5,21.0,440,0,0,5.0
1009,27889,1967,12,1967-12-11,11:00:00,2,36.48,-88.9,36.63,-88.9,10.3,10,0,1,5.0
1010,27891,2003,5,2003-05-04,23:00:00,1,35.97,-88.67,35.97,-88.67,1.0,200,0,3,6.0
1011,27892,1967,12,1967-12-11,11:00:00,1,36.22,-89.02,0.0,0.0,0.1,10,0,0,4.0
1012,27896,1967,12,1967-12-11,11:30:00,1,36.33,-88.87,0.0,0.0,0.1,10,0,0,4.0
1013,27897,2003,5,2003-05-05,08:05:00,0,35.03,-88.57,35.03,-88.57,0.5,25,0,0,3.0
1014,27899,2003,5,2003-05-05,12:26:00,0,35.82,-88.92,35.82,-88.92,0.5,25,0,0,3.0
1015,27901,2003,5,2003-05-05,12:45:00,0,35.62,-89.02,35.72,-88.95,4.0,200,0,0,4.0
1016,27903,1957,4,1957-04-01,21:30:00,2,35.45,-88.87,0.0,0.0,0.1,10,0,0,3.0
1017,27906,2003,5,2003-05-05,18:15:00,0,35.87,-88.85,35.87,-88.85,0.5,50,0,0,3.0
1018,27910,1957,4,1957-04-04,01:10:00,2,35.53,-88.48,0.0,0.0,0.1,10,0,0,4.0
1019,27913,1957,4,1957-04-04,01:15:00,3,35.05,-88.6,35.12,-88.5,7.3,50,0,11,5.0
1020,27914,1968,4,1968-04-03,21:35:00,1,35.82,-89.63,0.0,0.0,0.1,10,0,0,0.0
1021,27925,1957,6,1957-06-27,18:30:00,1,36.02,-89.52,0.0,0.0,2.0,13,0,0,4.0
1022,27926,1970,4,1970-04-01,15:00:00,2,35.48,-88.8,0.0,0.0,0.1,10,0,0,4.0
1023,27928,1957,7,1957-07-04,22:30:00,2,36.32,-88.85,0.0,0.0,2.0,200,0,0,4.0
1024,27931,1957,7,1957-07-04,22:45:00,2,36.33,-88.85,0.0,0.0,2.0,200,0,0,4.0
1025,27939,1970,4,1970-04-24,04:30:00,2,35.13,-88.57,0.0,0.0,0.1,10,0,3,4.0
1026,27948,1970,6,1970-06-18,16:00:00,1,35.6,-89.07,0.0,0.0,0.3,10,0,0,4.0
1027,27953,1970,9,1970-09-03,23:12:00,0,35.6,-89.58,0.0,0.0,0.8,30,0,0,2.0
1028,27955,1971,2,1971-02-21,21:35:00,2,35.15,-88.58,0.0,0.0,1.5,67,0,36,6.0
1029,27959,1957,12,1957-12-19,15:00:00,1,35.87,-88.75,0.0,0.0,0.1,10,0,0,4.0
1030,27963,1957,12,1957-12-19,21:15:00,2,35.82,-88.92,0.0,0.0,0.5,10,0,0,4.0
1031,27964,1957,12,1957-12-19,21:20:00,1,35.92,-88.75,0.0,0.0,0.1,10,0,2,4.0
1032,27967,1971,4,1971-04-27,19:16:00,1,36.35,-88.9,36.47,-88.55,21.0,73,0,3,4.0
1033,27968,1971,5,1971-05-24,17:00:00,2,35.28,-89.62,35.37,-89.45,10.9,100,0,22,5.0
1034,27969,1971,5,1971-05-24,18:35:00,1,35.58,-88.87,35.65,-88.75,7.9,100,0,8,4.0
1035,27970,1971,6,1971-06-14,13:10:00,0,35.68,-89.6,0.0,0.0,0.2,20,0,0,0.0
1036,27977,1959,1,1959-01-21,09:40:00,2,35.23,-88.4,35.27,-88.35,4.1,500,0,3,5.0
1037,27978,1971,12,1971-12-15,02:20:00,1,35.68,-89.55,35.87,-89.4,15.2,300,0,3,5.0
1038,27987,1972,4,1972-04-15,19:37:00,1,35.03,-89.4,0.0,0.0,0.3,50,0,0,0.0
1039,27995,1972,4,1972-04-21,18:30:00,1,36.5,-88.73,36.6,-88.6,10.7,10,0,2,3.0
1040,28006,2002,11,2002-11-09,22:05:00,2,35.52,-89.9,35.7,-90.05,50.6,440,0,1,7.0
1041,28041,2004,4,2004-04-22,09:25:00,0,35.17,-89.67,35.17,-89.67,0.1,100,0,0,4.0
1042,28092,1975,2,1975-02-22,21:00:00,1,35.57,-89.65,0.0,0.0,0.1,150,0,2,4.0
1043,28096,1975,4,1975-04-25,01:00:00,1,35.53,-89.87,35.58,-89.75,7.4,440,1,1,4.0
1044,28103,1976,3,1976-03-29,18:40:00,1,35.43,-89.67,0.0,0.0,0.2,200,0,0,4.0
1045,28104,1976,4,1976-04-11,16:50:00,0,35.58,-89.93,35.62,-89.88,3.3,200,0,0,1.0
1046,28120,1978,1,1978-01-07,19:30:00,1,35.47,-89.73,35.5,-89.7,3.0,100,0,0,5.0
1047,28132,1978,8,1978-08-29,18:05:00,2,35.02,-90.0,0.0,0.0,2.0,100,0,26,6.0
1048,28133,1978,12,1978-12-07,16:45:00,0,35.55,-89.7,0.0,0.0,0.1,10,0,0,4.0
1049,28134,1978,12,1978-12-31,13:45:00,1,35.67,-89.72,35.73,-89.63,6.5,167,0,1,5.0
1050,28135,1979,3,1979-03-22,23:30:00,2,35.28,-90.05,0.0,0.0,1.0,50,0,3,4.0
1051,28145,1981,5,1981-05-09,13:55:00,0,36.4,-89.97,0.0,0.0,0.2,40,0,0,1.0
1052,28202,1982,12,1982-12-25,04:00:00,2,35.28,-89.97,0.0,0.0,2.0,77,0,0,5.0
1053,28230,1999,1,1999-01-22,04:25:00,1,35.15,-89.78,35.2,-89.67,3.5,100,0,0,5.0
1054,28282,1968,4,1968-04-03,21:45:00,3,35.33,-89.92,35.65,-89.58,28.8,1760,4,32,6.0
1055,28289,2006,6,2006-06-17,17:35:00,1,35.18,-89.73,35.18,-89.73,0.3,50,0,0,5.0
1056,28319,1968,5,1968-05-15,23:20:00,1,35.05,-89.87,0.0,0.0,0.1,10,0,0,0.0
1057,28322,1968,5,1968-05-16,01:15:00,1,35.08,-89.8,0.0,0.0,0.1,10,0,0,4.0
1058,28329,1968,5,1968-05-16,01:50:00,1,35.4,-90.02,0.0,0.0,0.1,10,0,0,0.0
1059,28334,1950,2,1950-02-13,01:00:00,1,35.35,-89.77,0.0,0.0,0.2,10,0,8,3.0
1060,28335,1968,5,1968-05-25,15:00:00,1,35.3,-89.97,0.0,0.0,0.1,10,0,0,0.0
1061,28353,1968,9,1968-09-17,17:15:00,2,35.0,-90.0,0.0,0.0,0.3,10,0,0,3.0
1062,28358,1994,6,1994-06-09,11:58:00,0,35.13,-90.02,0.0,0.0,0.5,10,0,0,3.0
1063,28362,1983,11,1983-11-23,06:50:00,1,35.05,-90.0,0.0,0.0,2.0,80,0,0,5.0
1064,28364,1994,6,1994-06-09,12:10:00,1,35.13,-90.02,35.13,-89.92,5.0,100,0,0,5.0
1065,28369,1994,6,1994-06-26,17:00:00,0,35.77,-89.8,0.0,0.0,0.5,10,0,0,2.0
1066,28375,1994,11,1994-11-27,14:00:00,1,35.58,-89.82,0.0,0.0,0.5,20,0,0,4.0
1067,28383,1969,6,1969-06-24,02:30:00,1,35.2,-90.0,0.0,0.0,0.5,10,0,0,4.0
1068,28393,1994,11,1994-11-27,15:15:00,3,35.07,-89.83,35.32,-89.65,16.0,200,3,25,7.0
1069,28405,1984,4,1984-04-21,17:17:00,3,35.12,-90.17,35.15,-90.12,3.0,20,0,3,6.0
1070,28423,1970,4,1970-04-01,16:20:00,1,35.02,-90.03,0.0,0.0,0.1,10,0,0,4.0
1071,28432,1995,5,1995-05-15,09:45:00,0,35.13,-90.02,0.0,0.0,0.5,23,0,0,3.0
1072,28437,2008,2,2008-02-05,17:00:00,2,35.31,-89.76,35.4,-89.66,8.09,150,0,1,6.0
1073,28438,1970,4,1970-04-19,10:45:00,2,35.12,-89.8,0.0,0.0,0.3,50,0,0,5.0
1074,28455,1970,4,1970-04-24,03:20:00,3,35.03,-90.03,35.05,-89.73,17.0,50,0,5,6.0
1075,28458,2008,2,2008-02-05,18:02:00,0,35.2,-89.67,35.26,-89.61,4.9,50,0,0,4.0
1076,28476,1970,4,1970-04-24,03:35:00,3,35.07,-89.98,35.07,-89.8,10.4,50,0,3,6.0
1077,28513,1955,10,1955-10-28,12:00:00,2,35.05,-89.67,0.0,0.0,0.2,100,0,0,5.0
1078,28523,1970,6,1970-06-19,21:05:00,1,35.1,-89.8,0.0,0.0,0.1,10,0,1,3.0
1079,28525,2008,5,2008-05-02,15:25:00,2,35.96,-89.67,35.97,-89.65,1.37,40,0,0,4.0
1080,28548,1956,7,1956-07-21,17:15:00,1,35.3,-89.82,0.0,0.0,0.2,10,0,0,3.0
1081,28570,1964,3,1964-03-04,10:00:00,2,35.3,-89.7,35.4,-89.65,7.6,200,0,3,4.0
1082,28575,1964,3,1964-03-04,10:30:00,2,35.47,-89.67,35.55,-89.6,6.8,200,0,3,4.0
1083,28591,1971,6,1971-06-14,13:36:00,0,35.6,-89.87,0.0,0.0,0.2,20,0,0,0.0
1084,28606,1964,7,1964-07-11,22:00:00,1,35.0,-89.9,0.0,0.0,0.3,13,0,0,5.0
1085,28660,1972,4,1972-04-21,18:25:00,1,35.12,-89.72,0.0,0.0,0.3,20,0,0,0.0
1086,28663,1966,5,1966-05-16,03:00:00,1,35.33,-89.75,0.0,0.0,0.1,10,0,0,4.0
1087,28681,1973,4,1973-04-19,10:15:00,1,35.33,-89.83,0.0,0.0,1.0,100,0,0,4.0
1088,28682,1996,9,1996-09-16,07:25:00,0,35.62,-89.73,35.73,-89.55,16.0,50,0,0,3.0
1089,28684,2009,5,2009-05-24,16:25:00,0,36.0016,-89.6472,36.0637,-89.6997,5.2,25,0,0,
1090,28686,1973,4,1973-04-19,11:30:00,1,35.75,-89.67,0.0,0.0,0.1,100,0,0,4.0
1091,28745,1973,5,1973-05-11,12:15:00,1,35.23,-90.0,0.0,0.0,0.5,100,0,0,4.0
1092,28749,1973,5,1973-05-22,16:00:00,1,35.15,-89.92,0.0,0.0,0.3,100,0,0,3.0
1093,28753,1967,4,1967-04-23,20:00:00,1,35.2,-89.83,0.0,0.0,0.1,10,0,2,5.0
1094,28758,1967,4,1967-04-23,20:45:00,1,35.0,-90.03,0.0,0.0,0.1,10,0,0,4.0
1095,28759,1988,5,1988-05-22,16:30:00,0,35.35,-89.9,35.38,-89.85,3.0,50,0,0,3.0
1096,28769,1973,5,1973-05-27,02:35:00,2,35.33,-89.77,0.0,0.0,2.0,100,0,0,4.0
1097,28806,1989,6,1989-06-04,18:30:00,2,35.35,-89.9,35.43,-89.8,7.0,100,0,0,5.0
1098,28810,1989,6,1989-06-04,19:00:00,1,35.35,-89.9,0.0,0.0,2.5,50,0,0,4.0
1099,28813,1989,6,1989-06-04,20:05:00,0,35.4,-90.0,0.0,0.0,0.9,17,0,0,2.0
1100,28820,1989,6,1989-06-11,17:10:00,0,36.03,-89.65,0.0,0.0,0.9,17,0,0,2.0
1101,28824,1989,11,1989-11-07,20:00:00,0,35.2,-89.88,0.0,0.0,0.5,17,0,0,4.0
1102,28832,1990,2,1990-02-09,15:34:00,1,35.77,-89.8,0.0,0.0,2.0,40,0,0,4.0
1103,28840,2009,6,2009-06-12,16:00:00,1,35.1903,-89.8703,35.1907,-89.8685,0.1,30,0,0,4.0
1104,28850,2009,7,2009-07-30,15:49:00,1,35.1864,-89.8086,35.1958,-89.7758,1.96,250,0,0,5.0
1105,28888,1967,5,1967-05-14,14:53:00,1,35.05,-90.07,0.0,0.0,0.1,10,0,0,6.0
1106,28899,1991,3,1991-03-27,13:20:00,1,35.13,-90.02,0.0,0.0,0.5,50,0,0,2.0
1107,28901,2010,5,2010-05-01,21:47:00,1,35.3228,-89.9383,35.3259,-89.9282,0.61,100,0,0,4.0
1108,28903,1967,5,1967-05-31,12:00:00,1,35.23,-89.65,0.0,0.0,0.1,10,1,1,4.0
1109,28915,1967,7,1967-07-05,14:25:00,1,35.0,-90.0,0.0,0.0,0.1,10,0,0,4.0
1110,28916,1991,11,1991-11-19,17:05:00,1,35.13,-90.02,35.28,-89.93,10.0,50,0,0,6.0
1111,28926,1992,3,1992-03-18,08:20:00,0,35.22,-89.77,0.0,0.0,1.5,50,0,0,4.0
1112,28962,1974,6,1974-06-07,11:30:00,1,35.57,-89.65,0.0,0.0,0.3,100,1,1,4.0
1113,28984,2013,5,2013-05-31,05:05:00,1,35.6159,-89.7031,35.6142,-89.6884,0.83,250,0,0,5.0
