FID,OM,YR,MO,DY,DATE,TIME,TZ,ST,STF,STN,MAG,INJ,FAT,LOSS,CLOSS,SLAT,SLON,ELAT,ELON,LEN,WID,Shape_Leng
23025,303811,2011,4,9,4/9/2011,14:35:00,3,TN,47,17,0,0,0,0.02,0,36.2971,-82.3174,36.2934,-82.3021,0.89,50,0.015741
23027,291955,2011,4,9,4/9/2011,16:00:00,3,TN,47,18,1,0,0,0.075,0,36.3,-82.4341,36.3,-82.4341,3,150,0
23028,303792,2011,4,9,4/9/2011,16:08:00,3,TN,47,19,1,0,0,0.01,0,36.3037,-82.3923,36.3099,-82.3846,0.61,100,0.009886
23029,303819,2011,4,9,4/9/2011,16:15:00,3,TN,47,20,0,0,0,0.015,0,36.0424,-82.5568,36.0477,-82.5393,1.04,50,0.018285
23044,347401,2011,4,27,4/27/2011,19:07:00,3,TN,47,75,0,0,0,0.005,0,36.2255,-83.057,36.2263,-83.0486,0.5,70,0.008438
23045,350287,2011,4,27,4/27/2011,19:29:00,3,TN,47,83,2,0,0,0.8,0,36.29,-82.7,36.36,-82.57,8.8,150,0.147648
23046,296915,2011,4,27,4/27/2011,19:33:00,3,TN,47,85,1,0,0,0.1,0,35.954,-83.286,35.97,-83.16,7.1,150,0.127012
23049,300951,2011,4,27,4/27/2011,20:32:00,3,TN,47,91,0,0,0,0.02,0,35.8202,-83.1319,35.8446,-83.101,2.4,40,0.039372
23050,300732,2011,4,27,4/27/2011,20:37:00,3,TN,47,92,1,0,0,0.03,0,35.8502,-83.0225,35.8578,-83.0029,1.2,150,0.021022
23052,302978,2011,4,27,4/27/2011,20:47:00,3,TN,47,93,0,0,0,0.015,0,36.0106,-82.8706,36.028,-82.835,2.3,300,0.039625
23053,347518,2011,4,27,4/27/2011,20:51:00,3,TN,47,94,3,33,6,8.01,0,36.035,-82.808,36.15,-82.573,15.8,1500,0.26163
23055,297650,2011,4,27,4/27/2011,21:45:00,3,TN,47,96,2,0,2,1,0,36.39,-81.99,36.5,-81.82,12,250,0.202485
23058,297632,2011,4,27,4/27/2011,22:40:00,3,TN,47,97,3,70,2,8,0,36.106,-82.702,36.205,-82.491,13.6,1000,0.233071
23172,502,2009,5,8,5/8/2009,18:45:00,3,TN,47,0,0,0,0,0,0,36.4,-82.48,36.4,-82.48,0.1,20,0
23364,304,2002,5,1,5/1/2002,21:18:00,3,TN,47,7,1,0,0,0.1,0,36.4,-82.12,36.4,-82.12,0.1,50,0
23444,109,2004,5,26,5/26/2004,15:30:00,3,TN,47,3,1,0,0,0.03,0,36.58,-82.7,36.58,-82.67,2,50,0.03
24001,294036,2011,4,27,4/27/2011,16:28:00,3,TN,47,60,2,0,4,0.65,0,35.08,-84.95,35.2973,-84.511,27.95,250,0.489837
24002,350722,2011,4,27,4/27/2011,17:00:00,3,TN,47,62,0,0,0,0.01,0,35.2899,-84.5504,35.3198,-84.5425,2.3,50,0.030926
24003,302493,2011,4,27,4/27/2011,17:07:00,3,TN,47,63,0,0,0,0.015,0,35.348,-84.921,35.357,-84.914,0.75,110,0.011402
24004,300729,2011,4,27,4/27/2011,17:08:00,3,TN,47,64,2,1,0,0.5,0,35.35,-84.4,35.44,-84.25,10.5,200,0.174929
24005,300937,2011,4,27,4/27/2011,17:10:00,3,TN,47,65,1,0,0,0.025,0,35.44,-84.42,35.53,-84.25,11.4,200,0.192354
24006,353666,2011,4,27,4/27/2011,17:31:00,3,TN,47,66,4,0,0,1.05,0,35.5324,-84.0504,35.6633,-83.846,14.45,1320,0.242722
24007,302488,2011,4,27,4/27/2011,17:35:00,3,TN,47,67,0,0,0,0.005,0,35.47,-84.52,35.48,-84.52,0.7,20,0.01
24008,350309,2011,4,27,4/27/2011,17:35:00,3,TN,47,68,0,0,0,0.02,0,35.1802,-84.8675,35.1893,-84.8557,1,50,0.014901
24009,302486,2011,4,27,4/27/2011,18:00:00,3,TN,47,69,0,0,0,0.01,0,35.66,-84.19,35.68,-84.18,1,50,0.022361
24010,296461,2011,4,27,4/27/2011,18:09:00,3,TN,47,70,0,0,0,0.01,0,35.8,-84.06,35.86,-83.97,6.5,200,0.108167
24012,302478,2011,4,27,4/27/2011,18:46:00,3,TN,47,72,0,0,0,0.02,0,36.0844,-83.3351,36.0987,-83.2787,3.3,50,0.058185
24013,300932,2011,4,27,4/27/2011,18:57:00,3,TN,47,73,1,0,0,0.02,0,35.92,-83.97,35.93,-83.95,1,50,0.022361
24014,302962,2011,4,27,4/27/2011,19:06:00,3,TN,47,74,0,0,0,0.005,0,35.8534,-83.7159,35.8531,-83.7129,0.5,50,0.003015
24015,302469,2011,4,27,4/27/2011,19:11:00,3,TN,47,76,0,0,0,0.02,0,36.137,-83.4774,36.14,-83.472,0.3,50,0.006177
24016,302843,2011,4,27,4/27/2011,19:18:00,3,TN,47,77,0,0,0,0.005,0,35.39,-84.35,35.4,-84.34,0.9,50,0.014142
24017,300938,2011,4,27,4/27/2011,19:20:00,3,TN,47,78,1,0,0,0.025,0,35.44,-84.41,35.53,-84.25,11,200,0.183576
24018,302956,2011,4,27,4/27/2011,19:22:00,3,TN,47,79,0,0,0,0.005,0,35.38,-84.34,35.4,-84.32,1.75,50,0.028284
24019,302474,2011,4,27,4/27/2011,19:24:00,3,TN,47,80,0,0,0,0.005,0,36.054,-83.4889,36.0603,-83.4793,0.8,50,0.011483
24020,300934,2011,4,27,4/27/2011,19:25:00,3,TN,47,81,1,1,0,0.3,0,35.45,-84.46,35.53,-84.26,12.5,200,0.215407
24021,300942,2011,4,27,4/27/2011,19:28:00,3,TN,47,82,1,0,0,0.01,0,35.697,-84.879,35.713,-84.854,1.5,75,0.029682
24022,302972,2011,4,27,4/27/2011,19:31:00,3,TN,47,84,0,0,0,0.008,0,35.9086,-83.3335,35.9217,-83.3219,1.1,200,0.017498
24023,347884,2011,4,27,4/27/2011,19:35:00,3,TN,47,86,2,0,0,0.11,0,35.5094,-84.0673,35.663,-83.841,16.9,440,0.273504
24024,300949,2011,4,27,4/27/2011,19:43:00,3,TN,47,87,0,0,0,0.01,0,35.63,-84.13,35.658,-84.0659,3.8,100,0.069949
24025,300459,2011,4,27,4/27/2011,20:06:00,3,TN,47,88,4,12,4,17.25,0,35.34,-85.42,35.68,-84.87,40.16,880,0.646607
24026,300730,2011,4,27,4/27/2011,20:28:00,3,TN,47,89,2,0,0,0.2,0,35.36,-85.39,35.3969,-85.3253,4.5,250,0.074483
24027,302482,2011,4,27,4/27/2011,20:28:00,3,TN,47,90,0,0,0,0.01,0,35.87,-84.2,35.87,-84.19,1,50,0.01
24028,339858,2011,4,27,4/27/2011,21:18:00,3,TN,47,95,0,0,0,0.01,0,36.2108,-83.4218,36.2113,-83.4182,0.3,50,0.003635
24042,316144,2011,6,22,6/22/2011,16:40:00,3,TN,47,100,0,0,0,0.005,0,35.77,-84.47,35.77,-84.4698,0.6,20,0.0002
24043,316204,2011,6,23,6/23/2011,23:00:00,3,TN,47,101,1,0,0,0.05,0,36.02,-84.1626,36.02,-84.162,1.5,80,0.0006
24044,316205,2011,6,23,6/23/2011,23:20:00,3,TN,47,102,0,0,0,0.04,0,35.97,-83.95,35.9682,-83.9483,1,100,0.002476
24052,362596,2012,2,29,2/29/2012,16:30:00,3,TN,47,0,2,7,2,1,0,36.0887,-85.1102,36.1171,-85.0053,6.18,300,0.108676
24053,362791,2012,2,29,2/29/2012,18:30:00,3,TN,47,0,0,0,0,0.025,0,35.6911,-84.1285,35.6879,-84.1165,0.75,100,0.012419
24054,374041,2012,3,1,3/1/2012,1:05:00,3,TN,47,0,0,0,0,0.02,0,35.8273,-83.8022,35.8254,-83.7693,1.85,70,0.032955
24056,374002,2012,3,2,3/2/2012,11:41:00,3,TN,47,0,3,44,0,35.29,0,35.128,-85.1608,35.3126,-84.4721,41,400,0.713011
24057,374085,2012,3,2,3/2/2012,12:47:00,3,TN,47,0,2,3,0,5,0,35.3681,-84.3061,35.441,-84.0683,14.31,400,0.248723
24070,372674,2012,3,2,3/2/2012,16:52:00,3,TN,47,0,0,0,0,0.01,0,35.5031,-84.942,35.5165,-84.8976,2.7,75,0.046378
24072,369876,2012,3,2,3/2/2012,17:31:00,3,TN,47,0,1,0,0,0.25,0.05,36.2898,-85.4929,36.302,-85.4673,1.65,500,0.028358
24073,369877,2012,3,2,3/2/2012,17:33:00,3,TN,47,0,2,0,0,1,0.1,36.302,-85.4673,36.3328,-85.3504,6.94,400,0.120889
24074,372204,2012,3,2,3/2/2012,17:56:00,3,TN,47,0,0,0,0,0,0.1,36.3848,-85.1045,36.4055,-85.0126,6.42,300,0.094202
24077,366728,2012,3,2,3/2/2012,19:26:00,3,TN,47,0,2,4,0,0.5,0,36.5827,-83.6789,36.5947,-83.6356,2.6,250,0.044932
24078,373771,2012,3,2,3/2/2012,19:45:00,3,TN,47,0,1,0,0,0.1,0,36.5815,-83.5322,36.5972,-83.4922,2.5,200,0.042971
24080,365152,2012,3,2,3/2/2012,20:33:00,3,TN,47,0,0,0,0,0.001,0,35.9228,-84.1722,35.9253,-84.1678,0.3,70,0.005061
24081,365151,2012,3,2,3/2/2012,21:00:00,3,TN,47,0,0,0,0,0.02,0,36.025,-83.7746,36.0335,-83.7383,2.1,100,0.037282
24094,452988,2013,6,13,6/13/2013,13:11:00,3,TN,47,0,1,0,0,0.05,0,36.1311,-83.6315,36.1099,-83.6083,2,120,0.031427
24095,453001,2013,6,13,6/13/2013,13:55:00,3,TN,47,0,1,0,0,0.05,0,35.7919,-83.3375,35.7914,-83.3358,0.5,150,0.001772
24156,146,2000,4,20,4/20/2000,19:50:00,3,TN,47,5,1,0,0,0.2,0,36.42,-84.43,36.42,-84.43,0.3,20,0
24157,147,2000,4,20,4/20/2000,20:35:00,3,TN,47,6,0,0,0,0,0,36.53,-83.82,36.53,-83.82,0.1,20,0
24158,228,2000,5,23,5/23/2000,15:05:00,3,TN,47,8,1,1,0,0,0,36.03,-84.03,36.03,-84.03,0.5,40,0
24174,19,2009,2,11,2/11/2009,14:03:00,3,TN,47,0,1,0,0,0.05,0,36.1534,-85.083,36.1678,-85.0864,0.52,75,0.014796
24179,150,2009,3,28,3/28/2009,19:53:00,3,TN,47,0,0,0,0,0.03,0,35.35,-85.36,35.35,-85.36,1,30,0
24184,221,2009,4,10,4/10/2009,13:22:00,3,TN,47,0,1,0,0,0.1,0,36.0631,-85.3268,36.0959,-85.2244,6,100,0.107525
24187,223,2009,4,10,4/10/2009,14:02:00,3,TN,47,0,2,0,0,0.1,0,35.3511,-85.38,35.3511,-85.38,5,175,0
24189,224,2009,4,10,4/10/2009,14:05:00,3,TN,47,0,1,0,0,0.015,0,35.38,-85.3623,35.38,-85.3623,0.2,40,0
24192,225,2009,4,10,4/10/2009,14:23:00,3,TN,47,0,1,0,0,0.05,0,35.38,-85.11,35.38,-85.11,0.5,30,0
24193,198,2001,6,2,6/2/2001,19:45:00,3,TN,47,12,0,0,0,0.2,0,35.78,-84.02,35.78,-84,1.5,50,0.02
24195,419,2009,5,3,5/3/2009,16:22:00,3,TN,47,0,1,0,0,0.125,0,35.909,-85.0806,35.9416,-85.0408,3.2,300,0.051447
24199,494,2009,5,8,5/8/2009,15:02:00,3,TN,47,0,0,0,0,0,0,35.36,-84.54,35.36,-84.54,0.1,20,0
24200,495,2009,5,8,5/8/2009,15:15:00,3,TN,47,0,1,0,0,0.15,0,36.4086,-84.9001,36.4005,-84.8546,2.59,50,0.046215
24205,497,2009,5,8,5/8/2009,15:58:00,3,TN,47,0,2,0,0,0.09,0,36.36,-84.42,36.36,-84.42,4.5,200,0
24208,498,2009,5,8,5/8/2009,16:40:00,3,TN,47,0,0,0,0,0,0.005,36.3616,-83.7968,36.3699,-83.7872,0.78,20,0.012691
24212,499,2009,5,8,5/8/2009,17:15:00,3,TN,47,0,2,0,0,0,0,36.46,-83.58,36.46,-83.58,2.2,100,0
24213,500,2009,5,8,5/8/2009,17:36:00,3,TN,47,0,0,0,0,0,0,36.36,-83.42,36.36,-83.42,3.5,100,0
24215,180,2003,5,15,5/15/2003,15:10:00,3,TN,47,44,1,0,0,0.15,0,35.9,-84.02,35.9,-84.02,2.5,50,0
24216,181,2003,5,15,5/15/2003,15:15:00,3,TN,47,45,1,0,0,0.2,0,35.92,-83.93,35.92,-83.93,1.5,50,0
24217,501,2009,5,8,5/8/2009,17:40:00,3,TN,47,0,1,0,0,0.01,0,36.4145,-83.3371,36.4456,-83.2874,3.5,100,0.058629
24242,1012,2009,10,9,10/9/2009,17:15:00,3,TN,47,0,0,0,0,0.005,0,35.6213,-84.57,35.6213,-84.57,0.5,20,0
24245,1011,2009,10,9,10/9/2009,18:25:00,3,TN,47,0,0,0,0,0.01,0,35.43,-84.4445,35.43,-84.4445,0.2,30,0
24253,169,2010,4,24,4/24/2010,23:50:00,3,TN,47,7,2,0,0,0.075,0,35.5689,-84.2829,35.62,-84.14,14,100,0.151762
24256,170,2010,4,25,4/25/2010,0:05:00,3,TN,47,8,0,0,0,0.02,0,35.0638,-84.4753,35.0683,-84.454,1.24,30,0.02177
24270,110,2004,5,31,5/31/2004,1:30:00,3,TN,47,9,1,0,0,0.08,0,35,-84.92,35.05,-84.82,7.5,60,0.111803
24279,1124,2010,10,25,10/25/2010,4:00:00,3,TN,47,26,0,0,0,0.05,0,35.12,-85.15,35.12,-85.15,0.1,40,0
24289,409,2004,8,2,8/2/2004,16:00:00,3,TN,47,11,0,0,0,0.02,0,35.17,-84.73,35.17,-84.73,0.3,30,0
24296,1166,2010,10,26,10/26/2010,13:30:00,3,TN,47,27,1,0,0,0.1,0,35.2945,-84.77,35.294,-84.7678,0.13,40,0.002256
24299,1167,2010,10,26,10/26/2010,13:55:00,3,TN,47,28,1,0,0,0.025,0,35.67,-84.1522,35.6891,-84.1254,2,50,0.03291
24303,1172,2010,10,26,10/26/2010,16:25:00,3,TN,47,29,0,0,0,0.01,0,35.0314,-85.4429,35.0329,-85.4361,0.4,20,0.006963
24307,1173,2010,10,26,10/26/2010,16:50:00,3,TN,47,30,2,6,0,0.2,0,35.1216,-85.1925,35.1216,-85.1925,1.2,100,0
24315,373,2002,11,10,11/10/2002,17:35:00,3,TN,47,16,0,0,0,0.02,0,36.33,-84.7,36.33,-84.68,1.5,25,0.02
24319,374,2002,11,10,11/10/2002,17:40:00,3,TN,47,17,1,0,0,0.11,0,36.33,-84.63,36.35,-84.57,4.1,50,0.063246
24322,284377,2011,2,28,2/28/2011,13:25:00,3,TN,47,6,1,0,0,1.25,0,35.13,-85.35,35.13,-85.35,2.2,90,0
24325,372,2002,11,10,11/10/2002,17:50:00,3,TN,47,15,1,0,0,0.13,0,36.38,-84.45,36.4,-84.38,4.2,50,0.072801
24326,284380,2011,2,28,2/28/2011,13:30:00,3,TN,47,7,1,0,0,5,0,35.179,-85.28,35.179,-85.28,2.6,150,0
24328,282100,2011,3,23,3/23/2011,19:50:00,3,TN,47,10,3,2,0,2.5,0,35.6596,-84.2322,35.6819,-84.1326,5.8,500,0.102066
24329,930,2002,11,10,11/10/2002,19:08:00,3,TN,47,30,1,0,0,0,0,35.9,-84.9,35.92,-84.83,3.4,400,0.072801
24340,375,2002,11,10,11/10/2002,19:31:00,3,TN,47,18,3,28,7,0.97,0,36.03,-84.6,36.05,-84.45,8.3,300,0.151328
24342,310,2006,4,7,4/7/2006,16:46:00,3,TN,47,18,1,4,0,4,0,35.92,-85.08,35.95,-84.98,6.2,150,0.104403
24343,287675,2011,4,4,4/4/2011,16:36:00,3,TN,47,16,0,0,0,0.01,0,35.46,-84.59,35.46,-84.59,0.1,25,0
24349,376,2002,11,10,11/10/2002,19:54:00,3,TN,47,19,2,0,0,0.21,0,36.2,-84.2,36.2,-84.08,5.5,75,0.12
24353,905,2002,11,10,11/10/2002,20:10:00,3,TN,47,23,2,0,0,0.07,0,35.75,-85.47,35.75,-85.42,2.9,100,0.05
24356,377,2002,11,10,11/10/2002,20:30:00,3,TN,47,20,1,0,0,0.1,0,35.73,-85.27,35.75,-85.2,6.2,100,0.072801
24360,915,2002,11,10,11/10/2002,20:46:00,3,TN,47,27,0,0,0,0,0,35.8,-85.02,35.8,-85.02,0.1,20,0
24363,341,2002,11,10,11/10/2002,21:43:00,3,TN,47,13,3,18,4,0.5,0,35.9,-85.1,35.9,-84.9,12.2,900,0.2
24373,45,2003,3,19,3/19/2003,14:08:00,3,TN,47,4,0,0,0,0,0,36.4,-84.92,36.4,-84.92,0.1,20,0
24388,303120,2011,4,27,4/27/2011,5:49:00,3,TN,47,35,0,0,0,0.02,0.01,36.2623,-85.4019,36.2772,-85.372,1.96,50,0.033407
24395,351615,2011,4,27,4/27/2011,6:45:00,3,TN,47,37,2,1,0,0.125,0,35.2975,-84.96,35.316,-84.921,2,150,0.043165
24398,303146,2011,4,27,4/27/2011,6:47:00,3,TN,47,39,0,0,0,0.015,0.015,36.0009,-85.1133,36.067,-85.0553,5.6,100,0.087939
24413,251,2007,4,3,4/3/2007,20:15:00,3,TN,47,1,1,7,0,1.2,0,36.48,-83.66,36.38,-83.57,12,150,0.134536
24417,252,2007,4,3,4/3/2007,20:16:00,3,TN,47,2,1,0,0,0.145,0,35.84,-85.22,35.85,-85.14,4.83,100,0.080623
24423,391,2007,4,26,4/26/2007,14:50:00,3,TN,47,4,0,0,0,0.02,0,36.01,-85.21,36.08,-85.1,7.94,50,0.130384
24442,398,2007,4,26,4/26/2007,17:52:00,3,TN,47,5,1,7,0,0.425,0,36.46,-83.59,36.43,-83.6,4.6,75,0.031623
24521,293385,2011,4,27,4/27/2011,6:55:00,3,TN,47,40,2,0,0,0.75,0,35.02,-85.37,35.05,-85.35,2.3,500,0.036056
24527,347834,2011,4,27,4/27/2011,6:55:00,3,TN,47,41,1,0,0,0.1,0,34.99,-85.333,34.999,-85.328,0.7,80,0.010296
24532,293394,2011,4,27,4/27/2011,6:56:00,3,TN,47,42,1,0,0,0.15,0,35.11,-85.29,35.13,-85.25,2.5,250,0.044721
24540,350402,2011,4,27,4/27/2011,7:03:00,3,TN,47,43,0,0,0,0.025,0,35.11,-85.15,35.13,-85.15,0.5,100,0.02
24546,300738,2011,4,27,4/27/2011,7:04:00,3,TN,47,44,1,0,0,0.025,0,34.987,-85.271,35.004,-85.237,2.2,200,0.038013
24551,300745,2011,4,27,4/27/2011,7:37:00,3,TN,47,45,1,0,0,0.025,0,35.352,-84.996,35.358,-84.988,0.6,100,0.01
24563,300746,2011,4,27,4/27/2011,13:02:00,3,TN,47,46,1,0,1,0.125,0,35.04,-85.07,35.197,-84.859,17,120,0.263002
24572,300950,2011,4,27,4/27/2011,13:15:00,3,TN,47,47,0,0,0,0.015,0,35.21,-84.9,35.23,-84.88,1.78,50,0.028284
24579,300945,2011,4,27,4/27/2011,13:26:00,3,TN,47,48,1,0,0,0.15,0,35.3952,-85.3665,35.44,-85.3,4.9,80,0.080183
24584,293883,2011,4,27,4/27/2011,13:36:00,3,TN,47,50,0,0,0,0.05,0,35.17,-84.8977,35.2251,-84.8804,2,150,0.057752
24590,302842,2011,4,27,4/27/2011,14:04:00,3,TN,47,51,0,0,0,0.015,0,35.54,-84.28,35.55,-84.24,2.3,100,0.041231
24598,300936,2011,4,27,4/27/2011,14:49:00,3,TN,47,52,1,0,0,0.025,0,35.54,-84.3,35.55,-84.24,3.4,100,0.060828
24603,300734,2011,4,27,4/27/2011,16:03:00,3,TN,47,53,1,0,0,0.09,0,35.0129,-85.2144,35.0667,-85.2276,3.8,125,0.055396
24610,347835,2011,4,27,4/27/2011,16:12:00,3,TN,47,56,0,0,0,0.01,0,35.0986,-85.0788,35.0993,-85.0783,0.1,70,0.00086
24617,293961,2011,4,27,4/27/2011,16:13:00,3,TN,47,57,1,0,0,0.025,0,35.04,-85.1,35.11,-85.05,4,90,0.086023
24624,300733,2011,4,27,4/27/2011,16:14:00,3,TN,47,58,1,0,0,0.1,0,35.0681,-85.0964,35.0789,-85.0337,3.6,200,0.063623
24862,767,2008,5,18,5/18/2008,18:25:00,3,TN,47,0,0,0,0,0,0,35.13,-84.6,35.13,-84.6,2.1,25,0.000146
25001,463,2008,4,11,4/11/2008,13:20:00,3,TN,47,0,1,0,0,0.05,0,35.82,-85.53,35.82,-85.5,1.75,800,0.03
25010,303135,2011,4,27,4/27/2011,5:47:00,3,TN,47,34,1,0,0,0.01,0.035,36.4561,-85.707,36.4837,-85.6576,3.34,100,0.056587
25013,303114,2011,4,27,4/27/2011,5:50:00,3,TN,47,36,1,0,0,0.1,0.021,35.5676,-85.8777,35.6708,-85.6805,13.17,100,0.222572
25015,300933,2011,4,27,4/27/2011,13:26:00,3,TN,47,49,1,0,0,0.025,0,34.9845,-85.6,35.005,-85.57,2.2,80,0.036335
25018,346785,2011,4,27,4/27/2011,17:00:00,3,TN,47,61,0,0,0,0.009,0,35.3495,-85.6526,35.3602,-85.6367,1.16,50,0.019165
25024,144,2009,3,28,3/28/2009,18:00:00,3,TN,47,0,1,0,0,4.41,0,35.8514,-86.4023,35.8617,-86.3903,1,50,0.015814
25025,145,2009,3,28,3/28/2009,18:01:00,3,TN,47,0,1,0,0,0.03,0,35.0786,-86.3008,35.0883,-86.2779,1.46,60,0.02487
25027,167,2009,4,2,4/2/2009,15:00:00,3,TN,47,0,1,1,0,0.5,0,36.1126,-86.7099,36.1462,-86.702,2,100,0.034516
25030,212,2009,4,10,4/10/2009,11:19:00,3,TN,47,0,4,58,2,100,0,35.7579,-86.848,35.9145,-86.2789,23.25,750,0.590253
25032,213,2009,4,10,4/10/2009,11:49:00,3,TN,47,0,1,0,0,0.2,0,36.493,-86.5861,36.4944,-86.5675,0.6,50,0.018653
25034,313114,2011,5,26,5/26/2011,0:00:00,3,TN,47,99,0,0,0,0.1,0,35.9615,-85.8237,35.9608,-85.7892,1.93,50,0.034507
25035,214,2009,4,10,4/10/2009,11:58:00,3,TN,47,0,0,0,0,0.005,0,35.745,-86.3793,35.745,-86.3793,0.2,25,0
25036,215,2009,4,10,4/10/2009,12:01:00,3,TN,47,0,1,0,0,0.06,0,35.7653,-86.3415,35.7826,-86.2783,3.7,100,0.065525
25039,216,2009,4,10,4/10/2009,12:19:00,3,TN,47,0,0,0,0,0.01,0,35.8304,-86.144,35.833,-86.1269,0.8,75,0.017297
25041,220,2009,4,10,4/10/2009,13:18:00,3,TN,47,0,0,0,0,0,0,35.4177,-86.0075,35.4202,-86.0043,0.25,25,0.004061
25043,274,2009,4,13,4/13/2009,19:45:00,3,TN,47,0,0,0,0,0.012,0,35.5153,-86.0838,35.5171,-86.0733,0.5,30,0.010653
25053,939,2009,7,28,7/28/2009,16:32:00,3,TN,47,0,1,0,0,0.1,0.001,35.6931,-85.6349,35.6956,-85.6242,0.62,100,0.010988
25054,960,2009,7,30,7/30/2009,22:00:00,3,TN,47,0,1,0,0,0.1,0,36.5263,-86.3043,36.5713,-86.3038,3,100,0.045003
25062,1032,2009,9,7,9/7/2009,17:58:00,3,TN,47,0,0,0,0,0.025,0.001,35.6936,-85.8366,35.6771,-85.8063,2.04,50,0.034501
25072,1017,2009,10,9,10/9/2009,13:12:00,3,TN,47,0,1,1,0,0.1,0,36.3725,-86.7983,36.375,-86.7657,1.82,100,0.032696
25075,1015,2009,10,9,10/9/2009,14:57:00,3,TN,47,0,1,0,0,0.03,0,35.1397,-86.5762,35.1446,-86.5199,3.2,200,0.056513
25077,1014,2009,10,9,10/9/2009,16:48:00,3,TN,47,0,0,0,0,0.02,0,35.08,-85.5593,35.08,-85.5593,2,30,0
25078,355191,2012,1,17,1/17/2012,13:27:00,3,TN,47,0,0,0,0,0.25,0,36.0371,-86.4742,36.0432,-86.444,1.69,125,0.03081
25079,1013,2009,10,9,10/9/2009,16:55:00,3,TN,47,0,0,0,0,0.01,0,35.0412,-85.5157,35.0412,-85.5157,0.1,20,0
25080,24,2010,1,21,1/21/2010,16:58:00,3,TN,47,1,0,0,0,0,0,35.2017,-85.8919,35.23,-85.83,2.46,300,0.068062
25083,27,2010,1,21,1/21/2010,17:48:00,3,TN,47,2,0,0,0,0,0,35.11,-85.69,35.11,-85.69,0.2,30,0
25087,161,2010,4,24,4/24/2010,18:42:00,3,TN,47,6,0,0,0,0.016,0,36.534,-86.19,36.554,-86.179,1.51,50,0.022825
25089,232,2010,5,2,5/2/2010,5:07:00,3,TN,47,20,1,0,0,0.5,0,36.2867,-86.7464,36.3068,-86.686,3.64,300,0.063657
25093,362592,2012,2,29,2/29/2012,15:46:00,3,TN,47,0,1,0,1,0.7,0,35.9724,-85.8529,36.017,-85.5933,14.84,200,0.263403
25094,233,2010,5,2,5/2/2010,5:17:00,3,TN,47,21,1,0,0,0.45,0.015,36.3308,-86.6444,36.3858,-86.5846,5.05,400,0.081247
25097,362595,2012,2,29,2/29/2012,16:02:00,3,TN,47,0,0,0,0,0.01,0,36.0213,-85.5298,36.0277,-85.492,2.16,50,0.038338
25101,372675,2012,3,2,3/2/2012,11:15:00,3,TN,47,0,1,0,0,0.003,0,35.05,-85.5416,35.0491,-85.5332,0.5,100,0.008448
25106,959,2010,7,26,7/26/2010,18:05:00,3,TN,47,24,1,0,0,0.2,0,36.2534,-86.7778,36.2554,-86.7711,0.5,50,0.006992
25109,1117,2010,10,24,10/24/2010,23:40:00,3,TN,47,25,1,0,0,0.1,0,35.286,-86.3304,35.2975,-86.3155,1.15,200,0.018822
25113,361151,2012,3,2,3/2/2012,14:45:00,3,TN,47,0,0,0,0,0,0,35.2116,-86.7422,35.2117,-86.7312,0.62,50,0.011
25118,318252,2011,2,24,2/24/2011,22:02:00,3,TN,47,2,2,0,0,0.55,0,36.0871,-86.6163,36.1206,-86.4884,7.51,100,0.132214
25119,372686,2012,3,2,3/2/2012,17:10:00,3,TN,47,0,1,0,0,0.002,0,35.0475,-85.5362,35.0471,-85.533,0.2,100,0.003225
25120,284965,2011,2,24,2/24/2011,22:14:00,3,TN,47,3,2,2,0,0.5,0,36.1188,-86.4179,36.1838,-86.3,8,150,0.134631
25122,367960,2012,3,2,3/2/2012,17:26:00,3,TN,47,0,2,20,0,2,0.01,36.2898,-85.4929,36.2695,-85.5537,3.7,880,0.064099
25126,291036,2011,2,28,2/28/2011,12:18:00,3,TN,47,4,2,4,1,0.04,0,35.3094,-86.105,35.27,-86.33,16.1,600,0.228424
25131,276461,2011,2,28,2/28/2011,13:00:00,3,TN,47,5,0,0,0,0.02,0,35.0003,-85.7147,35.0007,-85.7141,0.01,20,0.000721
25132,409537,2012,9,17,9/17/2012,15:02:00,3,TN,47,0,0,0,0,0.05,0,35.4472,-86.3374,35.4539,-86.3294,0.65,100,0.010435
25133,290014,2011,3,23,3/23/2011,17:54:00,3,TN,47,8,2,0,0,0.35,0,35.96,-85.639,35.913,-85.49,9,100,0.156237
25134,416448,2012,10,1,10/1/2012,12:25:00,3,TN,47,0,0,0,0,0.01,0,35.49,-86.49,35.5067,-86.4725,1.51,50,0.02419
25135,416449,2012,10,1,10/1/2012,16:07:00,3,TN,47,0,0,0,0,0.02,0,36.007,-86.1394,36.0342,-86.1291,1.96,100,0.029085
25136,290008,2011,3,23,3/23/2011,18:03:00,3,TN,47,9,0,0,0,0.025,0,35.7189,-86.4354,35.7295,-86.4473,1,50,0.015936
25137,416450,2012,10,1,10/1/2012,16:31:00,3,TN,47,0,1,0,0,0.015,0,36.1738,-86.087,36.1935,-86.0769,1.47,150,0.022138
25139,290011,2011,3,24,3/24/2011,17:19:00,3,TN,47,11,1,0,0,0.2,0,36.099,-86.093,36.065,-86.001,5.65,100,0.098082
25140,428322,2013,1,13,1/13/2013,15:36:00,3,TN,47,0,0,0,0,0.025,0.01,35.7164,-86.6692,35.7199,-86.6412,1.59,100,0.028218
25147,428690,2013,1,30,1/30/2013,3:05:00,3,TN,47,0,1,0,0,0.25,0.1,36.4798,-86.8111,36.495,-86.7093,5.75,150,0.102929
25149,318243,2011,4,4,4/4/2011,13:20:00,3,TN,47,15,1,0,0,0.5,0.008,35.9774,-86.657,35.9804,-86.5695,4.9,100,0.087551
25150,428685,2013,1,30,1/30/2013,3:10:00,3,TN,47,0,0,0,0,0.19,0.05,36.3561,-86.7671,36.4136,-86.5709,11.65,75,0.204452
25153,428683,2013,1,30,1/30/2013,3:12:00,3,TN,47,0,0,1,0,0.15,0.01,36.2115,-86.7689,36.215,-86.7117,3.2,75,0.057307
25155,432079,2013,1,30,1/30/2013,3:12:00,3,TN,47,0,1,1,0,0.769,0.115,36.5122,-86.7177,36.5366,-86.6146,5.98,100,0.105948
25160,428679,2013,1,30,1/30/2013,3:18:00,3,TN,47,0,0,0,0,0.1,0.01,35.926,-86.863,35.932,-86.828,2,75,0.035511
25161,428678,2013,1,30,1/30/2013,3:23:00,3,TN,47,0,0,0,0,0.225,0.04,36.3336,-86.5463,36.3776,-86.3636,10.61,125,0.187924
25164,428677,2013,1,30,1/30/2013,3:25:00,3,TN,47,0,2,0,0,1,0.1,36.2208,-86.5461,36.248,-86.4722,4.53,150,0.078747
25167,428676,2013,1,30,1/30/2013,3:34:00,3,TN,47,0,0,0,0,0.065,0.025,36.3974,-86.3425,36.4144,-86.2808,3.63,100,0.063999
25169,428674,2013,1,30,1/30/2013,3:37:00,3,TN,47,0,0,0,0,0.045,0.035,36.4594,-86.3364,36.4666,-86.2316,5.84,50,0.105047
25175,428954,2013,1,30,1/30/2013,3:40:00,3,TN,47,0,1,0,0,1.04,0.22,36.282,-86.33,36.3421,-86.1669,10.03,150,0.173821
25176,428672,2013,1,30,1/30/2013,3:41:00,3,TN,47,0,1,0,0,0.53,0.125,35.739,-86.703,35.759,-86.625,4.59,150,0.080523
25181,428671,2013,1,30,1/30/2013,3:47:00,3,TN,47,0,0,0,0,0.085,0.035,36.4876,-86.1527,36.4978,-86.1406,0.97,50,0.015826
25183,428670,2013,1,30,1/30/2013,4:01:00,3,TN,47,0,0,0,0,0.175,0.075,36.5488,-85.9216,36.5557,-85.8954,1.53,75,0.027093
25184,428669,2013,1,30,1/30/2013,4:29:00,3,TN,47,0,0,0,0,0.075,0.075,35.8431,-86.0758,35.8667,-85.9607,6.65,200,0.117495
25185,423532,2013,1,30,1/30/2013,4:46:00,3,TN,47,0,1,0,0,0,0,35.0987,-86.7846,35.1287,-86.6986,5.28,250,0.091082
25186,428668,2013,1,30,1/30/2013,5:26:00,3,TN,47,0,0,0,0,0.05,0.01,35.4868,-86.0789,35.5036,-86.0003,4.57,75,0.080375
25187,440026,2013,3,18,3/18/2013,10:47:00,3,TN,47,0,0,0,0,0.05,0,35.5844,-86.6593,35.6046,-86.5946,3.89,50,0.06778
25189,439764,2013,3,18,3/18/2013,11:12:00,3,TN,47,0,0,0,0,0.05,0,35.7059,-86.3512,35.7264,-86.2891,3.8,100,0.065396
25190,449571,2013,4,19,4/19/2013,1:03:00,3,TN,47,0,1,0,0,0,0,35.2169,-86.4448,35.2279,-86.3916,3.1,400,0.054325
25191,449576,2013,4,19,4/19/2013,1:09:00,3,TN,47,0,1,0,0,0,0,35.2279,-86.3916,35.2669,-86.3351,4.17,400,0.068653
25267,302699,2011,4,27,4/27/2011,4:38:00,3,TN,47,26,2,0,0,0,0,35.0022,-86.6981,35.2683,-86.374,25.95,400,0.419345
25269,445581,2013,6,9,6/9/2013,17:09:00,3,TN,47,0,1,0,0,0,0,35.23,-86.1291,35.2471,-86.0831,2.85,150,0.049076
25271,303095,2011,4,27,4/27/2011,4:40:00,3,TN,47,27,1,0,0,0.075,0.012,35.6899,-86.6962,35.7069,-86.6491,2.89,100,0.050074
25272,445582,2013,6,9,6/9/2013,17:32:00,3,TN,47,0,0,0,0,0,0,35.3061,-85.9859,35.3075,-85.9811,0.29,50,0.005
25275,303096,2011,4,27,4/27/2011,4:47:00,3,TN,47,28,0,0,0,0.008,0.011,35.737,-86.5626,35.7546,-86.5317,2.11,50,0.035561
25277,303098,2011,4,27,4/27/2011,4:52:00,3,TN,47,30,0,0,0,0.05,0.012,35.83,-86.46,35.8447,-86.4385,1.57,75,0.026045
25278,305374,2011,4,27,4/27/2011,5:13:00,3,TN,47,31,2,0,0,0.025,0.018,35.4,-86.2739,35.4201,-86.2496,1.98,75,0.031536
25281,303104,2011,4,27,4/27/2011,5:24:00,3,TN,47,32,0,0,0,0.005,0.011,36.1752,-86.0066,36.2007,-85.9538,3.43,50,0.058635
25284,303112,2011,4,27,4/27/2011,5:45:00,3,TN,47,33,0,0,0,0.005,0.005,35.5267,-85.9974,35.5327,-85.9685,1.67,50,0.029516
25296,484142,2013,11,17,11/17/2013,18:31:00,3,TN,47,0,1,0,0,0.2,0.01,36.5862,-86.6901,36.584,-86.6727,0.97,100,0.017539
25297,484143,2013,11,17,11/17/2013,18:42:00,3,TN,47,0,0,0,0,0.2,0,36.5875,-86.522,36.5871,-86.5158,0.35,50,0.006213
25299,477815,2013,11,17,11/17/2013,21:37:00,3,TN,47,0,0,0,0,0,0,35.222,-86.6418,35.2218,-86.6318,0.57,25,0.010002
25611,89,2004,5,30,5/30/2004,5:45:00,3,TN,47,4,1,0,0,0.03,0,35.27,-85.75,35.28,-85.73,1,10,0.022361
25649,54,2000,2,13,2/13/2000,18:04:00,3,TN,47,1,1,1,0,0.5,0,36.15,-86.87,36.15,-86.8,4.3,200,0.07
25651,74,2000,3,25,3/25/2000,17:20:00,3,TN,47,2,0,0,0,0,0,35.75,-86.65,35.75,-86.65,0.1,0,0
25652,232,2000,4,20,4/20/2000,17:25:00,3,TN,47,3,0,0,0,0,0,36.17,-86.57,36.17,-86.55,0.4,10,0.02
25654,101,2000,4,20,4/20/2000,18:14:00,3,TN,47,4,1,0,1,0.03,0,35.53,-86.4,35.53,-86.37,2,60,0.03
25663,838,2000,5,24,5/24/2000,18:10:00,3,TN,47,10,1,0,0,0,0,36.45,-86.18,36.4,-86.15,4,20,0.05831
25667,839,2000,5,24,5/24/2000,22:58:00,3,TN,47,11,1,0,0,0.02,0,36.13,-86.8,36.13,-86.8,0.8,100,0
25668,840,2000,5,24,5/24/2000,23:00:00,3,TN,47,12,1,0,0,0.02,0,36.13,-86.8,36.13,-86.8,0.3,100,0
25669,841,2000,5,24,5/24/2000,23:50:00,3,TN,47,13,0,0,0,0,0,35.98,-86.53,35.98,-86.53,0.4,10,0
25670,1152,2004,5,31,5/31/2004,0:17:00,3,TN,47,7,1,0,0,0.01,0,35.3,-86.35,35.32,-86.23,6,150,0.121655
25671,846,2000,5,26,5/26/2000,11:45:00,3,TN,47,19,1,0,0,0.02,0,36.07,-86.77,36.08,-86.75,1.3,500,0.022361
25672,88,2004,5,31,5/31/2004,0:19:00,3,TN,47,8,1,0,0,0.02,0,35.37,-86.48,35.37,-86.47,0.8,150,0.01
25684,352,2004,8,20,8/20/2004,14:35:00,3,TN,47,12,0,0,0,0,0,35.28,-86.43,35.28,-86.42,1,30,0.01
25686,608,2000,12,16,12/16/2000,13:08:00,3,TN,47,27,1,0,0,0.05,0,35.02,-86.82,35.02,-86.8,1.5,50,0.02
25690,602,2001,2,25,2/25/2001,1:20:00,3,TN,47,3,0,0,0,0,0,35.98,-86.82,35.98,-86.82,0.1,10,0
25694,603,2001,2,25,2/25/2001,1:20:00,3,TN,47,2,0,0,0,0,0,35.98,-86.53,35.98,-86.53,0.1,10,0
25696,604,2001,2,25,2/25/2001,1:30:00,3,TN,47,4,0,0,0,0,0,36.13,-86.22,36.13,-86.22,0.1,10,0
25708,874,2001,5,31,5/31/2001,19:05:00,3,TN,47,10,2,2,1,0.08,0,35.92,-86.2,35.97,-86.1,6.3,440,0.111803
25718,1182,2001,10,24,10/24/2001,19:20:00,3,TN,47,11,0,0,0,0,0,36.02,-86.58,36.02,-86.58,0.1,6,0
25722,1183,2001,10,24,10/24/2001,20:28:00,3,TN,47,13,2,0,0,3,0,35.5,-86.07,35.5,-86.07,0.2,20,0
25734,1229,2005,11,15,11/15/2005,18:42:00,3,TN,47,23,0,0,0,0,0,36.28,-86.58,36.28,-86.58,0.1,10,0
25741,510,2002,4,28,4/28/2002,6:34:00,3,TN,47,1,3,31,0,2.3,0,35.75,-86.37,35.77,-86.32,3.2,350,0.053852
25747,511,2002,4,28,4/28/2002,6:45:00,3,TN,47,2,2,0,0,0,0,35.72,-86.17,35.72,-86.15,0.9,30,0.02
25760,299,2006,4,7,4/7/2006,13:08:00,3,TN,47,15,3,128,7,79,0,36.32,-86.77,36.4,-86.37,22.7,880,0.407922
25766,305,2006,4,7,4/7/2006,15:45:00,3,TN,47,17,1,0,2,0.5,0,35.83,-85.97,35.83,-85.72,11,150,0.25
25769,314,2006,4,7,4/7/2006,17:17:00,3,TN,47,19,0,0,0,0,0,35.32,-86.52,35.28,-86.5,0.2,30,0.044721
25775,933,2002,11,10,11/10/2002,2:00:00,3,TN,47,31,2,6,0,0.5,0,36.58,-86.58,36.58,-86.53,2.6,900,0.05
25776,316,2006,4,7,4/7/2006,17:28:00,3,TN,47,20,1,0,1,0.1,0,35.58,-85.92,35.58,-85.92,4,100,0
25778,423,2002,11,10,11/10/2002,17:42:00,3,TN,47,21,1,0,0,0,0,35.6,-86.15,35.6,-86.08,4.1,50,0.07
25779,317,2006,4,7,4/7/2006,17:30:00,3,TN,47,21,0,0,0,0.001,0,35.22,-86.47,35.22,-86.45,0.5,50,0.02
25781,339,2002,11,10,11/10/2002,17:45:00,3,TN,47,12,2,3,0,0.15,0,35.48,-86.32,35.53,-86.1,5,500,0.22561
25785,342,2002,11,10,11/10/2002,18:52:00,3,TN,47,14,2,24,2,0.25,0,35.5,-86.22,35.57,-86.02,12.3,450,0.211896
25786,324,2006,4,7,4/7/2006,19:01:00,3,TN,47,23,0,0,0,0.005,0,35.17,-86.4,35.17,-86.4,0.1,30,0
25793,42,2003,3,19,3/19/2003,11:09:00,3,TN,47,1,1,1,1,0.1,0,36.1,-85.58,36.28,-85.45,12.2,440,0.222036
25797,44,2003,3,19,3/19/2003,12:42:00,3,TN,47,2,1,1,0,0.01,0,35.73,-85.73,35.73,-85.72,0.5,200,0.01
25802,43,2003,3,19,3/19/2003,12:50:00,3,TN,47,3,1,0,0,0.01,0,35.88,-85.53,35.93,-85.52,3.6,200,0.05099
25804,255,2007,4,3,4/3/2007,21:24:00,3,TN,47,3,0,0,0,0,0,34.99,-86.77,34.9,-86.65,9.27,75,0.15
25806,920,2003,5,5,5/5/2003,0:45:00,3,TN,47,24,1,0,0,0.25,0,36.22,-86.78,36.22,-86.78,0.2,70,0
25810,926,2003,5,5,5/5/2003,1:30:00,3,TN,47,25,0,0,0,0,0,36.02,-86.58,36.02,-86.58,0.1,20,0
25812,927,2003,5,5,5/5/2003,1:45:00,3,TN,47,26,1,0,0,0.5,0,35.88,-86.1,35.92,-86.08,3,100,0.044721
25816,928,2003,5,5,5/5/2003,10:45:00,3,TN,47,30,3,2,0,0.05,0,35.27,-86.58,35.27,-86.57,1.6,700,0.01
25821,930,2003,5,5,5/5/2003,15:45:00,3,TN,47,34,1,0,0,0,0,35.73,-86.03,35.75,-85.97,3.3,150,0.063246
25846,1074,2007,11,14,11/14/2007,15:17:00,3,TN,47,7,1,0,0,0.01,0,36.22,-85.61,36.22,-85.61,0.12,100,0
25848,1076,2007,11,14,11/14/2007,16:16:00,3,TN,47,8,0,0,0,0.02,0,36.02,-85.57,36.02,-85.56,0.67,100,0.01
25851,1077,2007,11,14,11/14/2007,17:35:00,3,TN,47,9,1,0,0,0.005,0,35.04,-86.48,35.05,-86.38,5.34,75,0.100499
25852,1078,2007,11,14,11/14/2007,19:02:00,3,TN,47,10,2,9,0,2.5,0,35.05,-85.69,35.04,-85.65,1.96,200,0.041231
25931,934,2003,5,11,5/11/2003,2:12:00,3,TN,47,38,1,0,0,0.5,0,36.18,-86.77,36.18,-86.68,4.5,200,0.09
25933,935,2003,5,11,5/11/2003,2:20:00,3,TN,47,40,1,0,0,0.5,0,36.22,-86.55,36.23,-86.47,3.6,200,0.080623
25935,932,2003,5,11,5/11/2003,2:30:00,3,TN,47,41,1,0,0,0,0,35.93,-86.7,35.93,-86.68,0.5,200,0.02
25937,936,2003,5,11,5/11/2003,2:40:00,3,TN,47,42,1,0,0,0,0,36.37,-86.5,36.37,-86.42,5.5,200,0.08
25939,933,2003,5,11,5/11/2003,2:50:00,3,TN,47,43,3,0,0,1.8,0,35.95,-86.4,35.97,-86.38,1,400,0.028284
25952,7,2004,3,5,3/5/2004,23:35:00,3,TN,47,1,0,0,0,0,0,35.2,-85.93,35.2,-85.93,0.2,100,0
25955,133,2008,2,5,2/5/2008,22:02:00,3,TN,47,0,3,63,22,27.802,1,36.38,-86.34,36.78,-85.56,50.32,880,0.876585
25961,157,2008,2,6,2/6/2008,1:12:00,3,TN,47,0,0,0,0,0,0,36.35,-86.67,36.37,-86.62,3.26,50,0.053852
25962,158,2008,2,6,2/6/2008,1:22:00,3,TN,47,0,1,0,0,0,0,36.4,-86.54,36.5,-86.37,11.76,100,0.197231
25964,456,2008,4,11,4/11/2008,12:15:00,3,TN,47,0,2,0,0,0.1,0,35.53,-86.44,35.59,-86.33,7.48,200,0.1253
25965,457,2008,4,11,4/11/2008,12:30:00,3,TN,47,0,0,0,0,0.05,0,35.62,-86.24,35.62,-86.24,0.18,20,0
25966,458,2008,4,11,4/11/2008,12:42:00,3,TN,47,0,1,0,0,1.1,0,35.68,-85.98,35.73,-85.72,14.96,250,0.264764
26064,231,2000,5,20,5/20/2000,16:00:00,3,TN,47,7,0,0,0,0,0,35.27,-87.33,35.27,-87.33,0.3,10,0
26068,229,2000,5,23,5/23/2000,18:25:00,3,TN,47,9,1,0,0,0,0,36.53,-88,36.53,-88,0.2,20,0
26069,230,2000,5,25,5/25/2000,1:30:00,3,TN,47,14,1,0,0,0,0,35.92,-88.17,35.83,-88.1,5.4,50,0.114018
26070,842,2000,5,25,5/25/2000,2:00:00,3,TN,47,15,2,3,0,0.05,0,35.73,-87.42,35.73,-87.42,7.8,440,0
26071,843,2000,5,25,5/25/2000,2:20:00,3,TN,47,16,1,0,0,0,0,35.68,-87.27,35.68,-87.25,1,220,0.02
26072,844,2000,5,25,5/25/2000,2:26:00,3,TN,47,17,1,0,0,0,0,35.62,-87.17,35.62,-87.17,0.5,100,0
26073,845,2000,5,25,5/25/2000,2:35:00,3,TN,47,18,2,0,0,0,0,35.55,-86.97,35.53,-86.93,2.5,220,0.044721
26074,847,2000,5,26,5/26/2000,17:10:00,3,TN,47,20,1,0,0,0,0,36.27,-88.08,36.3,-88,5.8,500,0.08544
26076,848,2000,5,26,5/26/2000,17:33:00,3,TN,47,21,1,0,0,0,0,36.4,-87.95,36.4,-87.93,0.3,100,0.02
26077,849,2000,5,26,5/26/2000,17:41:00,3,TN,47,22,1,0,0,0,0,36.43,-87.9,36.43,-87.9,0.2,100,0
26078,850,2000,5,27,5/27/2000,13:40:00,3,TN,47,23,1,0,0,0,0,36.3,-88.05,36.3,-88.05,4.9,100,0
26079,851,2000,5,27,5/27/2000,13:46:00,3,TN,47,24,3,0,0,1.3,0,36.32,-87.97,36.32,-87.67,17.2,500,0.3
26080,852,2000,5,27,5/27/2000,14:10:00,3,TN,47,25,0,0,0,0,0,36.48,-87.42,36.48,-87.42,0.3,50,0
26081,387,2000,7,20,7/20/2000,15:10:00,3,TN,47,26,0,0,0,0.002,0,35.28,-87.32,35.28,-87.32,0.1,20,0
26083,601,2001,2,25,2/25/2001,0:40:00,3,TN,47,1,0,0,0,0,0,35.53,-87.2,35.53,-87.2,0.1,10,0
26092,302282,2011,4,27,4/27/2011,4:50:00,3,TN,47,29,1,1,0,0.011,0.075,35.4121,-87.3206,35.4313,-87.2797,2.66,150,0.045182
26094,303574,2011,4,27,4/27/2011,16:11:00,3,TN,47,55,2,2,0,1.8,0,35.0248,-88.2735,35.0368,-88.2072,3.84,200,0.067377
26097,293512,2011,5,23,5/23/2011,17:52:00,3,TN,47,98,2,3,0,0.6,0.012,36.5497,-87.8276,36.8107,-87.3883,30.59,175,0.510985
26098,580,2002,4,28,4/28/2002,3:00:00,3,TN,47,5,0,0,0,0.05,0,36.37,-88.35,36.32,-88.32,5,50,0.05831
26100,512,2002,4,28,4/28/2002,14:42:00,3,TN,47,3,0,0,0,0,0,35.53,-87.2,35.53,-87.2,0.1,10,0
26102,38,2002,4,30,4/30/2002,22:26:00,3,TN,47,6,0,0,0,0,0,36.12,-87.63,36.12,-87.63,0.1,6,0
26113,895,2002,11,10,11/10/2002,0:50:00,3,TN,47,22,0,0,0,0,0,36.53,-87.18,36.53,-87.18,0.1,20,0
26114,927,2002,11,10,11/10/2002,1:00:00,3,TN,47,29,1,0,2,0.1,0,36.53,-87.15,36.55,-87.13,0.3,400,0.028284
26116,919,2002,11,10,11/10/2002,1:05:00,3,TN,47,28,0,0,0,0,0,36.55,-87.1,36.55,-87.1,0.1,20,0
26126,954,2003,5,4,5/4/2003,21:53:00,3,TN,47,12,2,0,0,3,0,36.22,-88.42,36.3,-88.17,17,200,0.262488
26135,873,2001,5,31,5/31/2001,16:45:00,3,TN,47,8,1,0,0,0.02,0,35.93,-87.4,35.97,-87.4,0.7,50,0.04
26142,953,2003,5,4,5/4/2003,22:10:00,3,TN,47,14,1,0,0,0.1,0,36.43,-88.13,36.55,-88.08,6,100,0.13
26146,175,2003,5,4,5/4/2003,22:35:00,3,TN,47,17,0,0,0,0.02,0,36.5,-87.68,36.5,-87.68,0.1,10,0
26150,361317,2012,1,22,1/22/2012,23:55:00,3,TN,47,0,1,0,0,0.05,0,35.585,-88.3925,35.6419,-88.2692,7.97,150,0.135796
26152,922,2003,5,4,5/4/2003,23:53:00,3,TN,47,20,3,1,0,0.75,0,36.42,-87.35,36.4,-87.2,11.5,1000,0.151328
26153,1181,2001,10,24,10/24/2001,19:00:00,3,TN,47,9,0,0,0,0,0,35.9,-87,35.9,-87,0.2,10,0
26154,923,2003,5,4,5/4/2003,23:55:00,3,TN,47,21,1,0,0,5,0,36.48,-87.12,36.53,-86.67,24,100,0.452769
26155,575,2001,11,26,11/26/2001,23:25:00,3,TN,47,14,3,12,2,1.5,0,36.25,-88.25,36.28,-88.23,5,200,0.036056
26162,924,2003,5,5,5/5/2003,0:30:00,3,TN,47,22,0,0,0,0,0,35.93,-87.28,35.93,-87.28,0.1,10,0
26165,925,2003,5,5,5/5/2003,0:38:00,3,TN,47,23,1,0,0,3,0,35.83,-86.93,35.87,-86.85,4,100,0.089443
26169,965,2003,5,5,5/5/2003,8:50:00,3,TN,47,28,0,0,0,0.001,0,35.22,-88.32,35.22,-88.32,0.8,50,0
26172,921,2003,5,5,5/5/2003,9:48:00,3,TN,47,29,0,0,0,0.001,0,35.32,-87.28,35.32,-87.28,0.1,30,0
26174,929,2003,5,5,5/5/2003,13:55:00,3,TN,47,33,0,0,0,0,0,36.08,-87.12,36.08,-87.12,0.1,10,0
26176,185,2003,5,6,5/6/2003,22:25:00,3,TN,47,36,0,0,0,0.01,0,36.48,-88.15,36.5,-88.13,1,75,0.028284
26187,931,2003,5,11,5/11/2003,2:20:00,3,TN,47,39,3,1,0,2.2,0,35.95,-86.98,35.95,-86.95,1,300,0.03
26191,368123,2012,3,2,3/2/2012,15:48:00,3,TN,47,0,1,0,0,0.3,0.002,36.0973,-87.1214,36.0977,-87.1101,0.63,100,0.011307
26202,368031,2012,4,26,4/26/2012,18:00:00,3,TN,47,0,0,6,0,0.075,0,35.931,-86.8954,35.8859,-86.8619,3.77,100,0.056181
26215,1224,2005,11,15,11/15/2005,16:36:00,3,TN,47,11,1,0,0,0.6,0,36.38,-87.42,36.38,-87.4,0.2,75,0.02
26220,1225,2005,11,15,11/15/2005,16:37:00,3,TN,47,12,0,0,0,0,0,36.4,-87.38,36.42,-87.38,0.1,50,0.02
26223,1222,2005,11,15,11/15/2005,16:44:00,3,TN,47,13,2,0,0,0.5,0,36.48,-87.32,36.5,-87.3,1,400,0.028284
26225,1216,2005,11,15,11/15/2005,16:50:00,3,TN,47,14,0,0,0,0.001,0,35.92,-88.12,35.92,-88.12,0.1,10,0
26226,526,2005,11,15,11/15/2005,16:55:00,3,TN,47,15,1,0,0,0.2,0,35.98,-88,36,-87.95,2,100,0.053852
26229,1220,2005,11,15,11/15/2005,17:33:00,3,TN,47,16,2,0,0,0.02,0,36.18,-87.43,36.18,-87.42,1,200,0.01
26231,1221,2005,11,15,11/15/2005,17:40:00,3,TN,47,17,0,0,0,0,0,36.22,-87.37,36.23,-87.33,0.1,50,0.041231
26232,87,2004,5,30,5/30/2004,23:45:00,3,TN,47,5,1,0,0,0.01,0,35.1,-86.97,35.1,-86.97,0.3,50,0
26235,527,2005,11,15,11/15/2005,18:02:00,3,TN,47,18,2,1,0,0.1,0,35.18,-87.75,35.25,-87.67,6,100,0.106301
26237,528,2005,11,15,11/15/2005,18:05:00,3,TN,47,19,0,0,0,0,0,36.4,-87,36.4,-87,0.1,20,0
26240,1228,2005,11,15,11/15/2005,18:15:00,3,TN,47,20,0,0,0,0.001,0,36.2,-86.87,36.2,-86.87,0.1,20,0
26241,1226,2005,11,15,11/15/2005,18:25:00,3,TN,47,21,0,0,0,0,0,35.78,-87.02,35.78,-87.02,0.1,10,0
26243,1227,2005,11,15,11/15/2005,18:32:00,3,TN,47,22,0,0,0,0,0,35.8,-87,35.8,-87,0.1,10,0
26247,214,2004,6,13,6/13/2004,13:47:00,3,TN,47,10,1,0,0,0,0,35.97,-88.05,35.97,-88.05,0.1,10,0
26253,616,2004,10,18,10/18/2004,17:15:00,3,TN,47,13,1,0,0,0.01,0,35,-87.38,35.02,-87.38,0.7,200,0.02
26257,275,2006,4,2,4/2/2006,20:56:00,3,TN,47,5,1,0,0,0.01,0,36.03,-88.13,36.03,-88.13,0.2,20,0
26261,291,2006,4,7,4/7/2006,11:40:00,3,TN,47,7,0,0,0,0.05,0,36.18,-88.15,36.18,-88.12,1.1,10,0.03
26264,292,2006,4,7,4/7/2006,12:05:00,3,TN,47,8,0,0,0,0.01,0,36.17,-87.83,36.17,-87.83,0.2,20,0
26266,293,2006,4,7,4/7/2006,12:10:00,3,TN,47,9,0,0,0,0.001,0,36.18,-87.75,36.18,-87.75,0.2,20,0
26267,294,2006,4,7,4/7/2006,12:30:00,3,TN,47,10,3,0,0,6,0,36.28,-87.28,36.28,-87.07,18.8,880,0.21
26268,428320,2013,1,30,1/30/2013,2:12:00,3,TN,47,0,1,0,0,0.2,0.05,35.9676,-87.8028,35.9764,-87.7627,2.32,150,0.041054
26269,295,2006,4,7,4/7/2006,12:34:00,3,TN,47,11,2,5,0,2,0,35.8,-88.4,35.87,-88.3,9,100,0.122066
26270,428321,2013,1,30,1/30/2013,2:26:00,3,TN,47,0,2,0,0,0.5,0.1,35.7771,-87.6505,35.7778,-87.5973,2.98,300,0.053205
26271,296,2006,4,7,4/7/2006,12:40:00,3,TN,47,12,1,0,0,0.04,0,35.43,-88.33,35.43,-88.28,3.5,100,0.05
26272,428331,2013,1,30,1/30/2013,2:32:00,3,TN,47,0,1,0,0,0.45,0.2,35.4324,-87.7834,35.5128,-87.5318,15.23,100,0.264134
26273,297,2006,4,7,4/7/2006,12:53:00,3,TN,47,13,2,0,0,0.25,0,35.88,-88.18,35.88,-88.02,6,50,0.16
26274,298,2006,4,7,4/7/2006,13:05:00,3,TN,47,14,1,0,0,0.1,0,35.92,-87.92,35.93,-87.83,4.5,50,0.090554
26275,428698,2013,1,30,1/30/2013,2:45:00,3,TN,47,0,0,0,0,0.1,0.075,36.0804,-87.2217,36.11,-87.0972,7.25,100,0.12797
26276,428696,2013,1,30,1/30/2013,2:52:00,3,TN,47,0,0,1,0,0.05,0.015,36.2761,-87.0583,36.2785,-87.0553,0.24,75,0.003842
26277,432103,2013,1,30,1/30/2013,2:59:00,3,TN,47,0,2,0,0,0.75,0.25,36.4389,-86.9095,36.4673,-86.8274,4.97,200,0.086873
26278,300,2006,4,7,4/7/2006,13:43:00,3,TN,47,16,0,0,0,0,0,35.58,-87.53,35.58,-87.53,0.3,100,0
26279,428695,2013,1,30,1/30/2013,3:00:00,3,TN,47,0,0,0,0,0.01,0.015,36.3273,-86.915,36.3432,-86.8172,5.55,50,0.099084
26280,428694,2013,1,30,1/30/2013,3:01:00,3,TN,47,0,0,0,0,0.06,0.01,35.8841,-87.1233,35.8866,-87.1071,0.92,75,0.016392
26282,439941,2013,3,18,3/18/2013,6:40:00,3,TN,47,0,1,0,0,0.325,0,36.1859,-87.6281,36.2316,-87.4463,10.62,150,0.187456
26284,439765,2013,3,18,3/18/2013,10:22:00,3,TN,47,0,0,0,0,0.05,0,35.4953,-86.9464,35.5082,-86.8824,3.7,50,0.065287
26321,932,2006,9,23,9/23/2006,3:00:00,3,TN,47,26,0,0,0,0.04,0,36.42,-87.2,36.42,-87.2,0.2,100,0
26340,1232,2005,11,15,11/15/2005,14:35:00,3,TN,47,4,2,13,0,6.5,0,36.25,-88.38,36.48,-88.15,20,200,0.325269
26348,1051,2007,10,18,10/18/2007,19:18:00,3,TN,47,6,1,0,0,0.05,0,36.65,-88.04,36.65,-88.03,0.67,500,0.01
26352,1214,2005,11,15,11/15/2005,15:35:00,3,TN,47,5,1,0,0,0.05,0,36.12,-88.18,36.12,-88.13,1,100,0.05
26353,1215,2005,11,15,11/15/2005,15:38:00,3,TN,47,6,2,0,0,0.4,0,36.13,-88.1,36.15,-88.05,1.2,150,0.053852
26354,68,2008,1,10,1/10/2008,14:55:00,3,TN,47,0,2,0,0,0.2,0,35.32,-87.59,35.34,-87.57,1.29,400,0.028284
26357,1217,2005,11,15,11/15/2005,16:04:00,3,TN,47,7,2,0,0,0.65,0,36.25,-87.78,36.27,-87.77,0.5,200,0.022361
26358,1218,2005,11,15,11/15/2005,16:10:00,3,TN,47,8,0,0,0,0.001,0,36.3,-87.68,36.3,-87.68,0.2,100,0
26360,1219,2005,11,15,11/15/2005,16:10:00,3,TN,47,9,1,0,0,0.01,0,36.3,-87.68,36.3,-87.68,0.3,100,0
26363,1223,2005,11,15,11/15/2005,16:35:00,3,TN,47,10,1,0,0,0.5,0,36.35,-87.52,36.35,-87.52,0.2,75,0
26366,121,2008,2,5,2/5/2008,19:40:00,3,TN,47,0,4,5,3,17.6,0,35.27,-88.29,35.38,-88.04,16.17,880,0.27313
26367,608,2008,5,2,5/2/2008,23:00:00,3,TN,47,0,1,0,0,0.02,0,36.39,-87.53,36.39,-87.53,0.2,30,0
26368,609,2008,5,2,5/2/2008,23:05:00,3,TN,47,0,1,3,0,0.02,0,36.42,-87.51,36.43,-87.51,0.49,50,0.01
26370,610,2008,5,2,5/2/2008,23:10:00,3,TN,47,0,1,0,0,0.1,0,36.5,-87.38,36.51,-87.37,0.29,50,0.014142
26372,632,2008,5,8,5/8/2008,11:35:00,3,TN,47,0,1,0,0,0.05,0,35.08,-87.49,35.11,-87.45,3.02,440,0.05
26374,635,2008,5,8,5/8/2008,12:45:00,3,TN,47,0,0,0,0,0,0,35.14,-86.96,35.15,-86.94,0.85,50,0.022361
26420,143,2009,3,28,3/28/2009,16:38:00,3,TN,47,0,1,0,0,0.1,0,36.3005,-87.0446,36.3619,-86.9684,5,100,0.097859
26426,205,2009,4,10,4/10/2009,9:41:00,3,TN,47,0,1,0,0,0.5,0,36.1321,-88.0207,36.1497,-87.9367,4,75,0.085824
26431,206,2009,4,10,4/10/2009,9:50:00,3,TN,47,0,0,0,0,0.01,0,36.1696,-87.9154,36.1799,-87.8988,1,25,0.019536
26435,207,2009,4,10,4/10/2009,9:59:00,3,TN,47,0,1,0,0,0.2,0,36.2017,-87.8132,36.2374,-87.606,12,300,0.210253
26456,384,2009,5,1,5/1/2009,13:25:00,3,TN,47,0,1,2,0,0.2,0,35.443,-87.5156,35.4461,-87.4278,4.5,150,0.087855
26460,385,2009,5,1,5/1/2009,14:05:00,3,TN,47,0,1,0,0,0.1,0,35.3556,-87.1614,35.3443,-87.1476,1.1,100,0.017836
26499,959,2009,7,30,7/30/2009,18:52:00,3,TN,47,0,0,0,0,0.025,0,35.7811,-88.3577,35.782,-88.3562,0.1,30,0.001749
26512,30,2010,1,24,1/24/2010,15:40:00,3,TN,47,3,0,0,0,0.05,0,36.5505,-86.9132,36.6001,-86.8964,3.6,50,0.052368
26521,153,2010,4,24,4/24/2010,15:26:00,3,TN,47,4,1,0,0,1.085,0,35.684,-88.1386,35.882,-87.754,25.64,400,0.432575
26524,157,2010,4,24,4/24/2010,17:15:00,3,TN,47,5,1,0,0,0.03,0,35.6478,-87.5184,35.6674,-87.4962,1.84,100,0.029614
26531,206,2010,5,1,5/1/2010,15:23:00,3,TN,47,9,0,0,0,0.01,0.001,35.0963,-87.4329,35.1081,-87.3798,3.11,100,0.054395
26542,228,2010,5,2,5/2/2010,3:13:00,3,TN,47,16,0,0,0,0.11,0,35.4984,-88.2825,35.5445,-88.1985,5.7,100,0.095819
26546,229,2010,5,2,5/2/2010,3:45:00,3,TN,47,17,1,0,0,0.15,0.01,35.6989,-87.8503,35.7247,-87.731,6.93,250,0.122058
26548,230,2010,5,2,5/2/2010,4:00:00,3,TN,47,18,2,1,0,0.6,0.01,35.7911,-87.6977,35.8498,-87.5513,9.15,600,0.15773
26552,231,2010,5,2,5/2/2010,4:17:00,3,TN,47,19,2,0,0,0.2,0.01,35.8921,-87.5126,35.9101,-87.4467,3.89,250,0.068314
26557,234,2010,5,2,5/2/2010,5:45:00,3,TN,47,22,0,0,0,0.015,0,35.8374,-87.2672,35.8627,-87.2297,2.73,50,0.045237
26590,332543,2011,2,24,2/24/2011,20:30:00,3,TN,47,1,2,0,0,1.525,0,35.6643,-88.237,35.7282,-88.0345,12.19,400,0.212343
26611,302177,2011,4,4,4/4/2011,12:19:00,3,TN,47,12,1,0,0,0.15,0.005,36.0841,-87.8069,36.085,-87.755,2.9,75,0.051908
26612,126,2008,2,5,2/5/2008,20:05:00,3,TN,47,0,1,0,0,0,0,36.2,-88.08,36.22,-88.05,2.02,50,0.036056
26614,302179,2011,4,4,4/4/2011,12:33:00,3,TN,47,13,1,0,0,0.11,0.012,36.0952,-87.539,36.0845,-87.4099,7.25,150,0.129543
26617,127,2008,2,5,2/5/2008,20:07:00,3,TN,47,0,2,0,0,10.25,0,36.25,-88.01,36.32,-87.92,6.56,440,0.114018
26619,282770,2011,4,4,4/4/2011,12:52:00,3,TN,47,14,0,0,0,0.002,0.005,36.2514,-87.0721,36.2527,-87.0577,0.81,50,0.014459
26620,128,2008,2,5,2/5/2008,20:10:00,3,TN,47,0,1,0,0,0.9,0,35.38,-88.02,35.79,-87.38,31.59,200,0.760066
26629,131,2008,2,5,2/5/2008,20:20:00,3,TN,47,0,1,0,0,0,0,35.46,-87.9,35.48,-87.89,1.37,50,0.022361
26636,132,2008,2,5,2/5/2008,20:40:00,3,TN,47,0,2,1,0,0.75,0,35.8,-87.29,36.04,-86.94,25.32,300,0.424382
26638,141,2008,2,5,2/5/2008,23:41:00,3,TN,47,0,0,0,0,0,0,35.81,-87.82,35.81,-87.82,0.1,20,0.000146
26639,145,2008,2,5,2/5/2008,23:51:00,3,TN,47,0,0,0,0,0,0,35.87,-87.66,35.87,-87.66,0.1,20,0.000146
26641,152,2008,2,6,2/6/2008,0:32:00,3,TN,47,0,0,0,0,0,0,36.01,-87.32,36.01,-87.32,0.1,20,0.000146
26646,153,2008,2,6,2/6/2008,0:44:00,3,TN,47,0,0,0,0,0,0,36.21,-86.95,36.21,-86.95,0.1,20,0.000147
26647,162,2008,2,6,2/6/2008,1:45:00,3,TN,47,0,0,0,0,0,0,35.89,-87.05,35.91,-87.04,1.6,300,0.022361
26648,448,2008,4,11,4/11/2008,10:00:00,3,TN,47,0,1,0,0,0.075,0,36.12,-87.33,36.14,-87.31,1.6,20,0.028284
26649,449,2008,4,11,4/11/2008,11:05:00,3,TN,47,0,3,1,0,3,0,35.27,-87.4,35.32,-87.23,10.34,100,0.1772
26650,450,2008,4,11,4/11/2008,11:20:00,3,TN,47,0,3,0,0,1,0,35.33,-87.2,35.36,-87.12,4.71,100,0.08544
26651,452,2008,4,11,4/11/2008,11:40:00,3,TN,47,0,0,0,0,0.001,0,35.45,-86.89,35.45,-86.89,0.1,10,0.000146
26654,607,2008,5,2,5/2/2008,22:57:00,3,TN,47,0,1,0,0,0.005,0,36.38,-87.54,36.38,-87.53,0.71,50,0.01
27019,777,2010,6,25,6/25/2010,14:57:00,3,TN,47,23,0,0,0,0.025,0,35.2816,-89.0302,35.2768,-89.02,0.67,50,0.011273
27030,1212,2010,11,25,11/25/2010,14:30:00,3,TN,47,31,0,0,0,0.1,0,35.8464,-88.867,35.8481,-88.8563,0.61,200,0.010834
27156,186,2003,5,8,5/8/2003,12:20:00,3,TN,47,37,1,0,0,0.03,0,35.92,-88.9,35.97,-88.95,4,100,0.070711
27225,297448,2011,4,25,4/25/2011,22:45:00,3,TN,47,21,1,0,0,0.15,0,36.3961,-88.8048,36.5434,-88.6031,15.39,225,0.24976
27227,266,2006,4,2,4/2/2006,18:32:00,3,TN,47,1,3,70,16,20,0,36.12,-89.52,36.13,-89.2,18,880,0.320156
27229,268,2006,4,2,4/2/2006,19:09:00,3,TN,47,2,3,44,6,26.54,0,36.07,-89.03,36.07,-88.48,31,880,0.55
27230,271,2006,4,2,4/2/2006,19:43:00,3,TN,47,3,3,6,2,15,0,36.18,-89.05,36.13,-88.97,8,880,0.09434
27233,274,2006,4,2,4/2/2006,20:45:00,3,TN,47,4,1,2,0,0.2,0,35.35,-89.52,35.35,-89.52,0.5,30,0
27235,276,2006,4,2,4/2/2006,21:25:00,3,TN,47,6,2,0,0,0.4,0,35.6,-89.3,35.6,-89.28,0.8,30,0.02
27238,298114,2011,4,25,4/25/2011,22:47:00,3,TN,47,22,0,0,0,0.02,0,35.7116,-88.5085,35.8389,-88.2494,16.98,200,0.288683
27242,301516,2011,4,26,4/26/2011,19:27:00,3,TN,47,23,0,0,0,0.015,0,35.3815,-88.9926,35.3878,-88.9677,1.47,150,0.025685
27245,301503,2011,4,26,4/26/2011,19:54:00,3,TN,47,24,0,0,0,0.075,0,35.4285,-88.5879,35.4909,-88.4633,8.23,25,0.139352
27304,1732,2004,10,18,10/18/2004,19:50:00,3,TN,47,14,1,1,0,1,0,36.05,-89.4,36.03,-89.38,0.5,100,0.028284
27305,1733,2004,10,18,10/18/2004,20:12:00,3,TN,47,15,1,1,0,0.8,0,36.3,-88.48,36.3,-88.32,8.3,300,0.16
27307,603,2004,10,19,10/19/2004,14:15:00,3,TN,47,16,0,0,0,0.001,0,35.6,-88.9,35.6,-88.9,0.5,25,0
27351,378297,2012,4,26,4/26/2012,17:44:00,3,TN,47,0,2,1,0,0.4,0,35.3789,-88.708,35.357,-88.6878,1.89,200,0.029793
27352,929,2006,9,22,9/22/2006,19:05:00,3,TN,47,25,1,0,0,0.05,0,35.67,-88.83,35.7,-88.83,3,25,0.03
27358,258,2005,7,22,7/22/2005,17:30:00,3,TN,47,1,0,0,0,0.01,0,36.23,-89.48,36.23,-89.48,0.1,25,0
27376,1230,2005,11,15,11/15/2005,13:20:00,3,TN,47,2,1,0,0,0.7,0,35.97,-89.17,36.07,-89,15,300,0.197231
27392,1231,2005,11,15,11/15/2005,13:55:00,3,TN,47,3,1,0,0,0.1,0,36.15,-88.98,36.25,-88.92,2,150,0.116619
27396,53,2008,1,8,1/8/2008,14:58:00,3,TN,47,0,1,0,0,0.27,0,35.91,-89.46,35.96,-89.34,7.81,25,0.13
27406,93,2008,2,5,2/5/2008,17:18:00,3,TN,47,0,0,0,0,0.007,0,35.47,-89.59,35.47,-89.58,0.17,50,0.01
27412,95,2008,2,5,2/5/2008,17:23:00,3,TN,47,0,1,0,0,0.075,0,35.5,-89.55,35.5,-89.54,0.73,50,0.01
27418,97,2008,2,5,2/5/2008,17:32:00,3,TN,47,0,1,0,0,0.05,0,35.58,-89.52,35.58,-89.52,0.29,50,0
27419,100,2008,2,5,2/5/2008,17:55:00,3,TN,47,0,1,0,0,0.16,0,36.42,-88.53,36.47,-88.46,5.09,150,0.086023
27430,106,2008,2,5,2/5/2008,18:21:00,3,TN,47,0,3,14,3,10.3,0,35.37,-89.37,35.65,-88.94,31.13,600,0.513128
27436,113,2008,2,5,2/5/2008,18:59:00,3,TN,47,0,4,51,0,100,0,35.68,-88.86,35.73,-88.75,7.61,125,0.12083
27439,116,2008,2,5,2/5/2008,19:13:00,3,TN,47,0,1,0,0,0.25,0,35.07,-88.61,35.15,-88.49,8.95,150,0.144222
27444,117,2008,2,5,2/5/2008,19:13:00,3,TN,47,0,2,0,0,0.2,0,35.77,-88.69,35.77,-88.68,0.38,150,0.01
27451,463806,2013,4,27,4/27/2013,20:13:00,3,TN,47,0,1,1,0,0.1,0,35.3746,-89.4956,35.3762,-89.4758,1.12,250,0.019865
27476,480244,2013,10,5,10/5/2013,17:52:00,3,TN,47,0,0,0,0,0,0,36.2344,-89.2485,36.2365,-89.2464,0.18,25,0.00297
27599,957,2009,7,30,7/30/2009,16:01:00,3,TN,47,0,0,0,0,0.002,0.002,35.6394,-89.5335,35.6396,-89.5309,0.14,50,0.002608
27601,958,2009,7,30,7/30/2009,18:40:00,3,TN,47,0,1,0,0,0.05,0,35.6113,-88.5007,35.6471,-88.4514,3.71,100,0.060927
27614,139,2001,5,31,5/31/2001,14:50:00,3,TN,47,7,1,0,0,0.1,0,35.07,-88.63,35.1,-88.55,5,200,0.08544
27621,902,2001,6,27,6/27/2001,11:58:00,3,TN,47,5,0,0,0,0,0,36.03,-89.43,36.03,-89.43,0.3,100,0
27623,903,2001,6,27,6/27/2001,12:15:00,3,TN,47,6,0,0,0,0,0,35.95,-89.45,35.95,-89.45,0.3,100,0
27630,220,2010,5,2,5/2/2010,1:14:00,3,TN,47,11,0,0,0,0.005,0,35.7736,-88.9905,35.7739,-88.9903,0.02,25,0.000361
27633,221,2010,5,2,5/2/2010,1:20:00,3,TN,47,12,2,0,0,0.5,0,35.8088,-88.9066,35.8309,-88.8596,3.04,200,0.051937
27636,225,2010,5,2,5/2/2010,2:20:00,3,TN,47,14,0,0,0,0.015,0,35.0787,-88.7365,35.0803,-88.7345,0.16,50,0.002561
27639,226,2010,5,2,5/2/2010,2:24:00,3,TN,47,15,2,12,0,7.4,0,35.1184,-88.6892,35.3729,-88.3563,25.74,880,0.419038
27669,579,2002,4,28,4/28/2002,1:40:00,3,TN,47,4,1,0,0,0.75,0,36.38,-89.5,36.4,-89.45,3.5,75,0.053852
27723,906,2002,11,9,11/9/2002,22:15:00,3,TN,47,10,2,0,0,0.75,0,35.73,-89.05,35.75,-89.05,4,220,0.02
27731,907,2002,11,9,11/9/2002,22:26:00,3,TN,47,11,2,6,2,0.5,0,35.87,-88.57,35.95,-88.53,10,220,0.089443
27743,908,2002,11,10,11/10/2002,0:10:00,3,TN,47,24,1,0,0,3,0,35.67,-88.9,35.63,-88.85,4,220,0.064031
27752,909,2002,11,10,11/10/2002,17:40:00,3,TN,47,25,0,0,0,0.01,0,35.85,-88.67,35.85,-88.67,0.3,33,0
27754,910,2002,11,10,11/10/2002,17:55:00,3,TN,47,26,0,0,0,0.05,0,35.47,-88.88,35.47,-88.88,0.3,66,0
27777,1368,2003,5,4,5/4/2003,19:45:00,3,TN,47,5,0,0,0,0.01,0,36.03,-89.37,36.05,-89.35,1,100,0.028284
27783,952,2003,5,4,5/4/2003,20:20:00,3,TN,47,6,1,0,0,0.03,0,36.1,-89.27,36.12,-89.25,2,200,0.028284
27784,956,2003,5,4,5/4/2003,20:25:00,3,TN,47,7,1,0,0,0.1,0,35.87,-89.07,35.98,-88.95,8,100,0.162788
27787,951,2003,5,4,5/4/2003,20:30:00,3,TN,47,8,1,0,0,0.2,0,36.02,-89.52,36.05,-89.45,4,150,0.076158
27789,949,2003,5,4,5/4/2003,20:35:00,3,TN,47,9,2,0,0,0.75,0,36.35,-88.85,36.35,-88.85,4,250,0
27804,955,2003,5,4,5/4/2003,21:40:00,3,TN,47,10,0,0,0,0.05,0,36.07,-89.18,36.18,-89.05,12,75,0.170294
27806,957,2003,5,4,5/4/2003,21:50:00,3,TN,47,11,1,0,0,0.1,0,35.8,-88.77,35.87,-88.77,5,100,0.07
27809,950,2003,5,4,5/4/2003,22:00:00,3,TN,47,13,2,10,0,50,0,36,-89.42,36.12,-89.27,15,200,0.192094
27882,946,2003,5,4,5/4/2003,22:20:00,3,TN,47,15,1,0,0,0.03,0,36.22,-88.62,36.22,-88.62,3,100,0
27885,945,2003,5,4,5/4/2003,22:35:00,3,TN,47,16,4,86,11,40,0,35.52,-89.03,35.65,-88.35,39,880,0.692315
27886,948,2003,5,4,5/4/2003,22:43:00,3,TN,47,18,3,0,0,0.12,0,35.48,-88.93,35.58,-88.5,21,440,0.441475
27891,947,2003,5,4,5/4/2003,23:00:00,3,TN,47,19,1,3,0,2,0,35.97,-88.67,35.97,-88.67,1,200,0
27897,964,2003,5,5,5/5/2003,8:05:00,3,TN,47,27,0,0,0,0.001,0,35.03,-88.57,35.03,-88.57,0.5,25,0
27899,963,2003,5,5,5/5/2003,12:26:00,3,TN,47,31,0,0,0,0.001,0,35.82,-88.92,35.82,-88.92,0.5,25,0
27901,962,2003,5,5,5/5/2003,12:45:00,3,TN,47,32,0,0,0,0.01,0,35.62,-89.02,35.72,-88.95,4,200,0.122066
27906,966,2003,5,5,5/5/2003,18:15:00,3,TN,47,35,0,0,0,0.001,0,35.87,-88.85,35.87,-88.85,0.5,50,0
28006,904,2002,11,9,11/9/2002,22:05:00,3,TN,47,8,2,1,0,6.63,0,35.52,-89.9,35.7,-90.05,50.6,440,0.234308
28041,38,2004,4,22,4/22/2004,9:25:00,3,TN,47,2,0,0,0,0.03,0,35.17,-89.67,35.17,-89.67,0.1,100,0
28289,644,2006,6,17,6/17/2006,17:35:00,3,TN,47,24,1,0,0,0.1,0,35.18,-89.73,35.18,-89.73,0.3,50,0
28437,91,2008,2,5,2/5/2008,17:00:00,3,TN,47,0,2,1,0,1.005,0,35.31,-89.76,35.4,-89.66,8.09,150,0.134536
28458,103,2008,2,5,2/5/2008,18:02:00,3,TN,47,0,0,0,0,0.05,0,35.2,-89.67,35.26,-89.61,4.9,50,0.084853
28525,598,2008,5,2,5/2/2008,15:25:00,3,TN,47,0,2,0,0,0.04,0,35.96,-89.67,35.97,-89.65,1.37,40,0.022361
28684,574,2009,5,24,5/24/2009,16:25:00,3,TN,47,0,0,0,0,0,0,36.0016,-89.6472,36.0637,-89.6997,5.2,25,0.081318
28840,667,2009,6,12,6/12/2009,16:00:00,3,TN,47,0,1,0,0,0.025,0,35.1903,-89.8703,35.1907,-89.8685,0.1,30,0.001844
28850,955,2009,7,30,7/30/2009,15:49:00,3,TN,47,0,1,0,0,0.25,0,35.1864,-89.8086,35.1958,-89.7758,1.96,250,0.03412
28901,215,2010,5,1,5/1/2010,21:47:00,3,TN,47,10,1,0,0,0.01,0,35.3228,-89.9383,35.3259,-89.9282,0.61,100,0.010565
28984,457229,2013,5,31,5/31/2013,5:05:00,3,TN,47,0,1,0,0,0.18,0,35.6159,-89.7031,35.6142,-89.6884,0.83,250,0.014798
